,,Research Team,,,,,,Research Managers,,,,,,,Writing Team,,,,,,,,Editing Team,,Design Team,,Review,,
Candidate Name,Inforgaphic ID #,State,State Code,District,Seat,Researcher,Status,Bullet 1,Citation,Bullet 2,Citation,Bullet 3,Citation,Status,Writer,Point 1,Citation,Point 2,Citation,Point 3,Citation,Status,Editor,Status,Designer,"Cropped Image File name
size: 250x250",Checked By,URL,Generate Image?
,,Link to State Doc,Two Letter Code,Two Digit # ,"H=House
S=Senate",Put your Slack name here to show you're working on this candidate,Complete or Incomplete,,Red = citation needed,,,,,Complete or Incomplete,Put your Slack name here to show you're working on this candidate,Total charcount of all points must be less than 300 characters. http://www.charactercountonline.com/,,,,,,Complete or Incomplete,Put your Slack name here to show you're working on this candidate,Complete or Incomplete,Put your Slack name here to show you're working on this candidate,Image Location,Put your Slack name here to show you have verified the final image,URL of final image,
Adam Bell,TX.03.H,Texas,TX,3,H,esthertrashsaint,Complete,A self-descripted moderate interested in working across the aisle to get things done.,http://www.voteadambell.com/what-i-believe.html,Pro-TPP,http://www.voteadambell.com/what-i-believe.html,"""I'm not interestest in...embracing the so-called left-wing agenda."" ",http://www.voteadambell.com/what-i-believe.html,Complete,rachel,A self-described moderate interested in working across the aisle to get things done.,http://www.voteadambell.com/what-i-believe.html,Supports the Trans-Pacific Partnership trade agreement (TPP),http://www.voteadambell.com/what-i-believe.html,"""I'm not interestested in...embracing the so-called left-wing agenda."" ",http://www.voteadambell.com/what-i-believe.html,Complete,dave_mahler,Complete,mattieren,Bell_TX3.jpeg,grmule,,yes
Michael Filak,TX.03.H,Texas,TX,3,H,mattieren,Complete,Supports Bernie Sanders' vision for America.,http://www.michaelfilak.com/,Anti-TPP,http://www.michaelfilak.com/economic-disparity/,"Has released a comprehensive platform for economic reform, including tying CEO salaries to worker wages.",http://www.michaelfilak.com/economic-disparity/,Complete,rachel,Supports Bernie Sanders' vision for America.,http://www.michaelfilak.com/,Opposes the Trans-Pacific Partnership trade agreement (TPP).,http://www.michaelfilak.com/uncategorized/thoughts-on-trans-pacific-partnership-tpp/,"Has released a comprehensive platform for economic reform, including tying CEO salaries to worker wages.",http://www.michaelfilak.com/economic-disparity/,Complete,dave_mahler,Complete,mattieren,Filiak_TX3.png,grmule,,yes
Tawana Cadien,TX.10.H,Texas,TX,10,H,mattieren,Complete,"A registered Nurse, she believes all Americans should have readily accessible healthcare.",http://www.tawanacadienforcongress.com/#!healthcare/sj8ds,I will champion any and all bills designated to enhancing the lives of our veterans.,http://www.tawanacadienforcongress.com/#!our-veterans/vew48,"""Our investment in education must never be second guessed.""",http://www.tawanacadienforcongress.com/#!education,Complete,rachel,"A registered Nurse, she believes all Americans should have readily accessible healthcare.",http://www.tawanacadienforcongress.com/#!healthcare/sj8ds,"""I will champion any and all bills designated to enhancing the lives of our veterans.""",http://www.tawanacadienforcongress.com/#!our-veterans/vew48,"""Our investment in education must never be second guessed.""",http://www.tawanacadienforcongress.com/#!education,Complete,dave_mahler,Complete,mattieren,Cadien_TX10.jpg,grmule,,yes
Scott Gallaher,TX.10.H,Texas,TX,10,H,esthertrashsaint,Complete,"Endorsed by Austin American-Statesman, Stonewall Democrats of Austin, NxNW Democrats, the Austin Chronicle and West Austin Democrats.",http://www.scotgallaher.com/,"International experience as a strategy consultant with the United Nations, World Bank, the government of Jordan and the Prime Minister of Kuwait's office.",http://www.scotgallaher.com/about/,Wants to have a leadership role on issues of economic prosperity and international affairs.,http://www.scotgallaher.com/about/,Complete,rachel,"Endorsed by Austin American-Statesman, Stonewall Democrats of Austin, NxNW Democrats, and others.",http://www.scotgallaher.com/,"International experience as a strategy consultant with the UN, World Bank, the government of Jordan and the Prime Minister of Kuwait.",http://www.scotgallaher.com/about/,Wants to have a leadership role on issues of economic prosperity and international affairs.,http://www.scotgallaher.com/about/,Complete,dave_mahler,Complete,mattieren,Gallaher_TX10.jpg,grmule,,yes
Don Jaquess,TX.06.H,Texas,TX,6,H,mattieren,Complete,"Quality, affordable health care should be a right of all Americans.",http://www.donjaquess.com/Congress-Members.html,"Proposes a large-scale project to bring water to Texas, as well as improve Texas' infrastructure and currently dormant manufacturing resources.",http://www.donjaquess.com/Congress-Members.html,Wants to reform the education system to give teachers and other educators the tools they need to teach well. Advocates for national standards to stop educational discrepencies between states. Supports increased Pell grant funding.,http://www.donjaquess.com/Congress-Members.html,Complete,rachel,"Quality, affordable health care should be a right of all Americans.",http://www.donjaquess.com/Congress-Members.html,"Proposes a large-scale project to bring water to Texas, as well as improve Texas' infrastructure and currently dormant manufacturing resources.",http://www.donjaquess.com/Congress-Members.html,Wants to reform the education system to give teachers and other educators the tools they need to teach well. ,http://www.donjaquess.com/Congress-Members.html,Complete,dave_mahler,Complete,mattieren,Jaquess_TX6.jpg,grmule,,yes
Jeffrey Roseman,TX.06.H,Texas,TX,6,H,mattieren,Complete,Supports legalizing marijuana.,http://m.salisburypost.com/2015/12/19/political-notebook-rowan-native-runs-for-congress-in-texas-ok-with-selling-weapons-to-iran/,"""OK"" with same-sex marriage, but doesn't ""think marrying animals is such a good idea"".",http://m.salisburypost.com/2015/12/19/political-notebook-rowan-native-runs-for-congress-in-texas-ok-with-selling-weapons-to-iran/,Supports the sale of nuclear weapons to Iran as a way of discouraging them from developing their own.,http://m.salisburypost.com/2015/12/19/political-notebook-rowan-native-runs-for-congress-in-texas-ok-with-selling-weapons-to-iran/,Complete,rachel,Truck driver with a degree in Engineering.,http://m.salisburypost.com/2015/12/19/political-notebook-rowan-native-runs-for-congress-in-texas-ok-with-selling-weapons-to-iran/,"""OK"" with same-sex marriage, but doesn't ""think marrying animals is such a good idea"".",http://m.salisburypost.com/2015/12/19/political-notebook-rowan-native-runs-for-congress-in-texas-ok-with-selling-weapons-to-iran/,Supports the sale of nuclear weapons to Iran as a way of discouraging them from developing their own.,http://m.salisburypost.com/2015/12/19/political-notebook-rowan-native-runs-for-congress-in-texas-ok-with-selling-weapons-to-iran/,Complete,dave_mahler,Complete,mattieren,Roseman_TX6.jpg,grmule,,yes
Ruby Fay Woolridge,TX.06.H,Texas,TX,6,H,esthertrashsaint,Complete,"Wants to audit government spending, eliminate wasteful spending, increase corporate taxes and close tax loopholes and after all of this will consider a review of military defense spending. ",,Has recieved endorsements from Texas AFL-CIO and the Dallas News' editorial board.,https://www.facebook.com/Ruby-Woolridge-for-Congress-1541026046221411/,Against capital punishment,,Incomplete,rachel,"Wants to audit government spending, eliminate wasteful spending, increase corporate taxes and close tax loopholes and after all of this will consider a review of military defense spending. ",,Has recieved endorsements from Texas AFL-CIO and the Dallas News' editorial board.,,Against capital punishment,,Incomplete,,,mattieren,Woolridge_TX6.jpg,,,no
Thomas Wakely,TX.21.H,Texas,TX,21,H,mattieren,Complete,Has endorsed Bernie Sanders.,https://www.reddit.com/r/SandersForPresident/comments/425vw2/hi_reddit_i_am_tom_wakely_a_progressive_texan_and/,Strongly opposes the Trans-Pacific Partnership trade agreement.,http://www.wakely2016.com/trans_pacific_partnership,"""Unless we do something about climate change now, the 2011 drought will soon be remembered as the 'good ole days.'"" ",http://www.wakely2016.com/climate_change,Complete,rachel,Has endorsed Bernie Sanders.,https://www.reddit.com/r/SandersForPresident/comments/425vw2/hi_reddit_i_am_tom_wakely_a_progressive_texan_and/,Strongly opposes the Trans-Pacific Partnership trade agreement.,http://www.wakely2016.com/trans_pacific_partnership,"Supports a political revolution to combat climate change, putting people before polluters' profits.",http://www.wakely2016.com/climate_change,Complete,dave_mahler,Complete,mattieren,Wakely_TX21.jpg,grmule,,yes
Tejas Vakil ,TX.21.H,Texas,TX,21,H,esthertrashsaint,Complete,Lowering the debt should be the country's number one priority; proposes an aggressive reformed tax code with lower tax rates to spur economic development.,http://www.tejasforcongress.com/economic_policy,Wants to raise the retirement age for social security.,http://www.tejasforcongress.com/senior_citizens,Free college in exchange for 2-3 years of service to a government or community agency.,http://www.tejasforcongress.com/education,Complete,rachel,Proposes lowering the corporate tax rate and eliminating loopholes to spur economic development.,http://www.tejasforcongress.com/economic_policy,Believes non-partisan solutions to protecting social security need to be sensibly debated.,http://www.tejasforcongress.com/senior_citizens,Supports free college in exchange for 2-3 years of service to a government or community agency.,http://www.tejasforcongress.com/education,Complete,dave_mahler,Complete,mattieren,Vakil_TX21.png,grmule,,yes
Pete Gallego,TX.23.H,Texas,TX,23,H,mattieren,Complete,"Has endorsed Hillary Clinton, identifies as a moderate.",http://www.texasobserver.org/in-gallego-canseco-race-big-money-in-the-big-bend/,"Wants to expand Medicaid in Texas, strengthen Medicare and fix the Affordable Care Act rather than repeal it.",http://petegallego.com/priorities/medicare-and-medicaid,Supports the Oil Industry believes in the exploiting natural resources on a national scale.,http://petegallego.com/priorities/energy,Complete,rachel,"Has endorsed Hillary Clinton, identifies as a moderate.","https://en.wikipedia.org/wiki/List_of_Hillary_Clinton_presidential_campaign_endorsements,_2016",Wants to expand Medicaid in Texas. Opposes cuts to Medicare.,http://petegallego.com/priorities/medicare-and-medicaid,Supports making the most of domestic fossil fuel resources while developing green energy.,http://petegallego.com/priorities/energy,Complete,dave_mahler,Complete,mattieren,Gallego_TX23.jpg,grmule,,yes
Lee Keenen ,TX.23.H,Texas,TX,23,H,esthertrashsaint,Complete,Believes in campaign finance and wants to limit campaign contributions to individuals donating just $100 per person per election.,http://www.keenenforcongress.com/the-issues-campaign-finance.html,"Supports the keystone pipeline and believes in ""regulation"" and ""best practices"" minimizing damage done by fracking. Also supports funding for the development of renewable energy. ",http://www.keenenforcongress.com/the-issues-energy.html,"Wants to repeal the Affordable Care Act, believing that only insurance companies benefited from this legislation. ""Future healthcare reform needs be to honest and clear to understand instead of misdirecting.”",http://www.keenenforcongress.com/the-issues-healthcare.html,Complete,rachel,Believes in campaign finance reform and wants to limit campaign contributions to individuals donating just $100 per person per election.,http://www.keenenforcongress.com/the-issues-campaign-finance.html,Supports the Keystone Pipeline. Supports regulating fracking and supports funding for the development of renewable energy. ,http://www.keenenforcongress.com/the-issues-energy.html,"Wants to repeal the Affordable Care Act, believing that only insurance companies benefited from this legislation.",http://www.keenenforcongress.com/the-issues-healthcare.html,Complete,dave_mahler,Complete,mattieren,Keenen_TX23.jpg,grmule,,yes
Henry Cuellar,TX.28.H,Texas,TX,28,H,mattieren,Complete,Voted to make the PATRIOT Act permanent.in 2005,http://cuellar.house.gov/issues/issue/?IssueID=3833,Anti-choice (80% rating from NRLC),http://www.ontheissues.org/TX/Henry_Cuellar.htm,"Wants to expand ACA (according to ontheisuses quiz, i cant find anything about the aca itself but here's his HC record ",http://www.ontheissues.org/TX/Henry_Cuellar_Health_Care.htm,Complete,brendantampa,Voted to make the PATRIOT Act permanent in 2005.,http://www.ontheissues.org/TX/Henry_Cuellar.htm,Has voted to restrict women's reproductive rights. 80% rating from National Right to Life Committee.,http://www.ontheissues.org/TX/Henry_Cuellar.htm,Has voted for expanding health insurance coverage and against cuts to Medicare.,http://www.ontheissues.org/TX/Henry_Cuellar_Health_Care.htm,Complete,dave_mahler,Complete,mattieren,Cuellar_TX28.jpg,grmule,,yes
William Hayward ,TX.28.H,Texas,TX,28,H,esthertrashsaint,Complete,Advocates a flat tax rate and elimination of the estate tax.,http://haywardforcongress.com/issues/,Is pro-life / anti-choice.,http://haywardforcongress.com/issues/,Supports the right of same sex couples to marry as long as they do not publicly display their affection.,http://haywardforcongress.com/issues/,Complete,dave_mahler,Advocates for a flat tax rate and elimination of the estate tax.,http://haywardforcongress.com/issues/,Is pro-life / anti-choice.,http://haywardforcongress.com/issues/,Supports the right of same sex couples to marry as long as they do not publicly display their affection.,http://haywardforcongress.com/issues/,Complete,dave_mahler,Complete,mattieren,Hayward_TX28.jpg,grmule,,yes
Gene Green,TX.29.H,Texas,TX,29,H,mattieren,Complete,Voted YES on making federal death penalty appeals harder. (Feb 1995),http://www.ontheissues.org/TX/Gene_Green.htm,pro choice (0% from NRLC),http://www.ontheissues.org/TX/Gene_Green.htm,Raise the minimum wage to $10.10 per hour by 2016. (Mar 2013),https://green.house.gov/issues/jobsworkforce,Complete,brendantampa,Voted to make federal death penalty appeals harder.,http://www.ontheissues.org/TX/Gene_Green.htm,Pro-choice. 100% rating from NARAL Pro-Choice America.,http://www.ontheissues.org/TX/Gene_Green.htm,Voted to raise the minimum wage and to restrict employer intervention in union organizing.,https://green.house.gov/issues/jobsworkforce,Complete,dave_mahler,Complete,mattieren,Green_TX29.jpg,grmule,,yes
Dominique Garcia ,TX.29.H,Texas,TX,29,H,esthertrashsaint,Complete,Supports income tax increase on top 1% and supports reduced defense spending,http://votesmart.org/candidate/political-courage-test/166493/dominique-garcia/#.VtG7G5wrKhc,"Supports capital punishment, DOES NOT support mandatory minimum sentences for non-violent drug offenders.
",http://votesmart.org/candidate/political-courage-test/166493/dominique-garcia/#.VtG7G5wrKhc,"Energy - Opposes Keystone XL pipeline. Supports funding for the development of renewable energy. Supports increased regulations on the hydraulic fracturing (“fracking”) industry
Environment - Believes that human activity contributes to climate change. Supports federal regulation of greenhouse gas emissions. (could wrap these into two; supports federal regulation of fracking, opposes keystone pipeline)",http://votesmart.org/candidate/political-courage-test/166493/dominique-garcia/#.VtG7G5wrKhc,Complete,dave_mahler,Supports income tax increase on the top 1% and reduced defense spending.,http://votesmart.org/candidate/political-courage-test/166493/dominique-garcia/#.VtG7G5wrKhc,"Supports capital punishment, but does not support mandatory minimum sentences for non-violent drug offenders.
",http://votesmart.org/candidate/political-courage-test/166493/dominique-garcia/#.VtG7G5wrKhc,Opposes Keystone XL pipeline and supports funding for the development of renewable energy. Believes that human activity contributes to climate change.,http://votesmart.org/candidate/political-courage-test/166493/dominique-garcia/#.VtG7G5wrKhc,Complete,dave_mahler,Complete,mattieren,GarciaDominique_TX29.jpg,grmule,,yes
Adrian Garcia,TX.29.H,Texas,TX,29,H,mattieren,Complete,"Growing Our Economy : As Sheriff, I saw what a failed education system could mean for a city. It is why, as your Congressman, I will prioritize efforts to keep children out of trouble and on the right path. I will champion early childhood education programs, reinvesting in after school programs and developing new job training programs.",http://www.adriangarcia.com/issue/growing-our-economy/,"Gun Violence Prevention: No one should have to risk losing a loved one just because Congress won’t take basic, commonsense steps to address gun safety. If you elect me as your member of congress, my top priority will be to protect you and your family’s lives – not winning approval from the NRA",http://www.adriangarcia.com/issues/it-is-time-to-protect-our-children-from-nonsense-gun-violence/,"Infrastructure: Traffic in Texas costs our state almost 500 million extra hours of travel time, more than $10 billion in delay and fuel costs, and over $2 billion in truck freight moving costs. Houston currently ranks 6th in the nation for congestion delays, and our region is expected to maintain the incredible population growth that will surely compound our traffic challenges should they remain unaddressed. The solution to traffic congestion? Multimodal. Our economy cannot grow if our City cannot move effectively. As your Congressman, I will work to provide funding for an integrated, multimodal transportation system and smart development plan that allows for more Houstonians to move around by bus, bike, train and by foot. We must plan for the immediate future to create mobility initiatives that are ready to accommodate increased tourism and the additional one million new residents expected to call the Greater Houston area home by 2025. (sorry this is so long) ",http://www.adriangarcia.com/issue/infrastructure/,Complete,brendantampa,"Supports investment in early childhood education programs, after school programs, and new job training programs.",http://www.adriangarcia.com/issue/growing-our-economy/,"Supports common sense approaches to address gun safety, including background checks and smart gun technology.",http://www.adriangarcia.com/issues/it-is-time-to-protect-our-children-from-nonsense-gun-violence/,"Supports funding an integrated, multimodal transportation system that allows Houstonians to move around by bus, bike, train and by foot.
",http://www.adriangarcia.com/issue/infrastructure/,Complete,dave_mahler,Complete,mattieren,GarciaAdrian_TX29.jpg,grmule,,yes
Ron Crumpton,AL.0.S,Alabama,AL,,S,esthertrashsaint,Complete,"In addition to placing marijuana on schedule V, the legislation I present would exempt industrial hemp and completely remove it from the controlled substance list, which would allow farmers across the nation to grow hemp under normal farming regulations with no special provisions.",,"It is our obligation to provide our children with a first rate education and rebuilding school infrastructure is a necessary step in ensuring that we meet that duty. We must take every necessary step to ensure the future educational success of our children because the future of our children is the future of our nation.

Gone are the days that a high school diploma was enough, but the majority of Americans simply do not have the financial resources to pursue those skills on their own, and the current aid available to them is not enough to bridge that gap. There was a time when the Pell grant was enough to cover the cost of tuition, fees and books at most public universities, but like many other programs, the Pell grant has not been raised to meet the costs of inflation.",,"f you look at the minimum wage based strictly on inflation, an accurate representation of the minimum wage would be$10.89 an hour. If you look at inflation and increases in worker productivity, an accurate representation would be about $18. If you average the two it comes out to $14.45 per hour.

I support an initial raise to $12 per hour with annual increases of $1 per year over the next 3 years, which will bring the minimum wage to $15 per hour, with future bi-annual increases based on the rate of inflation.",,Incomplete,,,,,,,,Incomplete,,,mattieren,Crumpton_ALS.jpg,,,no
Charles Nana,AL.0.S,Alabama,AL,,S,mattieren,Complete,"Wants to draft a new state constitution free of “racism, sexism and all the evils of the 18th century”",,"All Alabamians should have a chance to earn the skills and education needed to earn a livable wage and excel in a competitively global economy. That requires significant investments and innovations within our preschools and public schools. In college preparation standard evaluations, Alabama is ranked 49th out of 50. All community colleges within the state should be FREE and serve as retooling centers for transitioning workers, veterans and ex-felons reintegrating into the workforce. Our higher education is completely broken. College and University students continue to be cheated from a decent education by gluttonous administrators. In most big institutions, 70-85% of professors teach on part time basis, with some living in poverty. Imagine a university professor worrying about electricity and water bills as opposed to worrying about the best lecture he can offer his students. On the other hand, these same colleges spend 6-8 times more per student athlete than to educate a student. WHERE IS THE OUTRAGE? We need to be spending more in educating our children and not less. We need to be hiring more educators with livable wages and not firing more educators!",,"Fight aggressively to increase minimum wage in the state from $7.25 an hour to $15 an hour within the next five years. No Alabamian working full time should still be poor. Unfortunately, two thirds of minimum wage earners are women. And it is immoral for our mothers, sisters and wives to be working 2-3 jobs just to keep a roof over their head. We can no longer accept that women can’t be paid an equal wage for equal work. ",,Incomplete,,,,,,,,Incomplete,,,mattieren,Nana_ALS.jpg,,,no
Vincente Gonzalez,TX.15.H,Texas,TX,15,H,esthertrashsaint,Complete,Opposes cuts to funding and privitization of the social safety net.,http://www.vicentegonzalez.com/,"Advocates changes to ACA, strengthening Medicare & expanding Medicaid",http://www.vicentegonzalez.com/,"Supports the federal DREAM act for undocumented minors
",http://www.vicentegonzalez.com/,Complete,brendantampa,Supports expanding Social Security and strengthening Medicare.,http://www.vicentegonzalez.com/,Supports strengthening the Affordable Care Act and expanding Medicaid.,http://www.vicentegonzalez.com/,Supports deferred action and a path to permanent residency for undocumented immigrants.,http://www.vicentegonzalez.com/,Complete,,,mattieren,Gonzalez_TX15.png,grmule,,yes
Randy Sweeten ,TX.15.H,Texas,TX,15,H,mattieren,Complete,"Wants to lower income tax and lower corporate tax rates. Wants to eliminate gift and estate taxes, as well as the capital gains tax.",http://sweetenforcongress.com/assets/goals_normal.pdf,"Believes the US government must do its job when it comes to ending illegal immigration, and that the 12 million undocumented immigrants should be identified and ""carded.""",http://sweetenforcongress.com/assets/goals_normal.pdf,,,Complete,rachel,"Wants to lower income tax and lower corporate tax rates. Wants to eliminate gift and estate taxes, as well as the capital gains tax.",,"Believes the US government must do its job when it comes to ending illegal immigration, and that the 12 million undocumented immigrants should be identified and ""carded.""",,,,Incomplete,,,mattieren,Sweeten_TX15.png,,,no
Johnny Partain ,TX.15.H,Texas,TX,15,H,esthertrashsaint,Complete,Skeptical of human role in climate change.,https://www.facebook.com/JPElection/,Opposes the PATRIOT Act and detainment of terror suspects without trial. ,https://www.facebook.com/JPElection/,"""History will eventually show that world governments threw open their borders to the distress of their citizens, entered into major national trade agreements, and financed or enabled terrorists in the name of world organization inclusion, because ""some interests had rung a bell.""""",https://www.facebook.com/JPElection/,Complete,rachel,Skeptical of human role in climate change.,,Opposes the PATRIOT Act and detainment of terror suspects without trial. ,,"""History will eventually show that world governments threw open their borders to the distress of their citizens, entered into major national trade agreements, and financed or enabled terrorists in the name of world organization inclusion, because ""some interests had rung a bell.""""",,Incomplete,,,mattieren,PArtain_TX15.jpg,,,no
Dolly Elizondo ,TX.15.H,Texas,TX,15,H,mattieren,Complete,Supports investment in infrastructure.,http://www.dollyforcongress.com/issues-2/,Supports and wants to expand the Affordable Care Act.,http://www.dollyforcongress.com/issues-2/,"Will work to increase investment in early childhood education programs, community schools (including health and social services as well as night classes and credit recovery programs in neighborhood schools. Wants to expand federal grants for higher education and vocational school, and lower college loan interest rates. Wants to partner with businesses to help train people for industries that have jobs to fill.",http://www.dollyforcongress.com/issues-2/,Complete,brendantampa,Supports investment in infrastructure to spur economic development and create immediate jobs.,http://www.dollyforcongress.com/issues-2/,Supports the Affordable Care Act and wants to expand it.,http://www.dollyforcongress.com/issues-2/,"Will work to increase investment in early childhood education programs and community schools. Supports expanding federal grants for higher education and vocational school, and lowering college loan interest rates. ",http://www.dollyforcongress.com/issues-2/,Complete,,,mattieren,Elizondo_TX15.jpg,grmule,,yes
Juan Palacios Jr.,TX.15.H,Texas,TX,15,H,esthertrashsaint,Complete,"Supports a Federal ""living wage.""",http://www.sonnyforcongress.com/#!platform/cee5,"Believes small businesses are the backbone to our communities, and wants to work on public/private partnerships to encourage job creation. ",http://www.sonnyforcongress.com/#!platform/cee5,"Supports DACA, DAPA, and Federal DREAM Act for undocumented minors.
",http://www.sonnyforcongress.com/#!platform/cee5,Complete,brendantampa,Supports a federal living wage.,http://www.sonnyforcongress.com/#!platform/cee5,"Believes small businesses are the backbone to our communities, and supports public/private partnerships to create jobs. ",http://www.sonnyforcongress.com/#!platform/cee5,Supports deferred action and a path to permanent residency for undocumented immigrants.,http://www.sonnyforcongress.com/#!platform/cee5,Complete,,,mattieren,Palacio_TX15.jpg,grmule,,yes
Joel Quintanilla,TX.15.H,Texas,TX,15,H,mattieren,Complete,Not enough info--IGNORE,,,,,,,,,,,,,,,,,mattieren,Quintenilla_TX15.jpg,,,no
Dennis Quinn,MS.03.H,Mississippi,MS,3,H,esthertrashsaint,Complete,"Believes that Republican-backed voter ID laws suppress the right of citizens to hold their elected officials accountable, particularly in the case of people of color.",,Supports expanded drilling and fracking for oil and natural gas to reduce dependence on foreign oil and stimulate the economy.,,Does not support cutting Medicare or Social Security to reduce the federal deficit.,,Incomplete,,,,,,,,,,,mattieren,Quinn_MS3.jpg,,,
Nathan Stewart,MS.03.H,Mississippi,MS,3,H,mattieren,Complete,Thinks that no incumbent should run unopposed and wants to end the partisan gridlock in congress,,"Mainly focused on getting people back to work, Especially Mississippi which is #1 in unemployment in the country.",,Says that improving our healthcare system is one of the most important issues this election cycle.,,Incomplete,,,,,,,,,,,mattieren,Stewart_MS3.jpg,,,
Eddie Bernice Johnson,TX.30.H,Texas,TX,30,H,esthertrashsaint,Complete,"Her support of the TPP has landed her the endorsement of President Obama, including TPA fast-track authority",https://votesmart.org/candidate/key-votes/27098/eddie-johnson#.VtG7t5wrKhc,"Voted NO on declaring Iraq part of War on Terror with no exit date. (Jun 2006)
Voted NO on authorizing military force in Iraq. (Oct 2002). Voted YES on investagating Bush impeachment for lying about Iraq.",https://votesmart.org/candidate/key-votes/27098/eddie-johnson#.VtG7t5wrKhc,"Voted NO on keeping moratorium on drilling for oil offshore. (Jun 2006). Voted YES on opening Outer Continental Shelf to oil drilling. (May 2011), ",https://votesmart.org/candidate/key-votes/27098/eddie-johnson#.VtG7t5wrKhc,Complete,,,,,,,,,,,mattieren,Johnson_TX30.jpg,,,
Barbara Mallory Caraway,TX.30.H,Texas,TX,30,H,mattieren,Complete,Opposes the TPP on the gronds that it would raise the already high unemployment rate in her district which is more than twice the national average.,https://www.facebook.com/BarbaraMalloryCarawayforCongress/,"Supports comprehensive criminal justice reform: pick from the following- Criminal Justice Reform - “Barbara Mallory Caraway proposes:
Reinstate of the Federal Parole System
Abolish the federal law that strips people of their voting rights under any circumstances.
Make it a Federal offense to discriminate against non-violent offenders looking for housing.
End the ""check box"".
Allow for the expunction of records for non-violent offenders after 7 years of productive citizenship.
End federal support of private prisons.
Strengthen relations between police and community.
Eliminate the minimum sentencing guidelines.
Acknowledge the role race plays in the criminal justice system.
Deal with poverty and education the core of these problems.”
",http://www.mallorycarawayforcongress.com/,Support big business paying their fair share of Taxes,http://www.mallorycarawayforcongress.com/,Complete,,,,,,,,,,,mattieren,Caraway_TX30.jpg,,,
Brandon Vance,TX.30.H,Texas,TX,30,H,esthertrashsaint,Complete,"asked on FB about TPP- long reply but a good one! ""While I understand that people want me to just give an easy quick yes or no answer to where I stand on TPP. As I have said many times, I am a reader, and it is important to me to actually read as much as I can of the actual text of this pact. Originally I supported the deal, but as I have researched I have changed my mind, but not for the reasons that many others are against it. Many people oppose it because they believe it will lead to many jobs leaving the area and the country. I actually don't believe that to be the case. The vast majority of this pact is good for America but the things that worry me are the Intellectual Properties, Digital Rights Management, Expansion of Copyright laws, Online Privacy, as well sovereignty concerns.

Think about it like this, when you go buy a vehicle, you pay a great deal of money and feel safe in saying you own that vehicle. The TPP strictly enforces rules that say you can't modify the technology underneath the hood of your vehicle that you own. For decades Do It Yourselfers have modified and changed vehicles for fun and enjoyment, this would be outlawed under TPP. In regards to the sovereignty concerns, this pact basically forces these other countries to accept and impose US laws on their populations. Now while I love my country, I absolutely respect the sovereignty of other nations to enact laws that their people want and that benefit their people.

So for these reasons I no longer support the TPP trade pact."" kinda misses the main evils of the Partnership but it's the answer we want hehe",https://www.facebook.com/BrandonVanceforCongress/,"Criminal Justice Reform - We have a ""war on drugs"" that is at best working a little and at worst an abject failure. This ""war"" has directly led to the destruction of many minority communities. We treat low-level offenders, not as addicts needing help, but as the bulk of the problem. Rather than pioneering new solutions and new methods to treat addiction and help people, we cast them aside and imprison them.
Since 1988 the rising numbers in our corrections facilities have dramatically increased the costs to state budgets. From 1988 to 2009 corrections spending went from $12 billion to $52 billion per year at the state level. This cost cannot be sustained, which points to the need for the federal and state governments to look at alternative solutions while holding drug offenders accountable.
",http://www.democracy.com/BrandonVance/issue-detail.aspx?issueId=8274,"Healthcare - I will stand against all efforts to repeal the Affordable Care Act. Congress has a moral duty to act in the best interest of the American people and if they believe the law is flawed, fix it, but repealing it without a plan is not the answer.",http://www.democracy.com/BrandonVance/issue-detail.aspx?issueId=8432,Complete,,,,,,,,,,,mattieren,Vance_TX30.jpg,,,
Marc Veasey,TX.33.H,Texas,TX,33,H,mattieren,Complete,"Voted for Keystone XL pipeline
",http://www.ontheissues.org/TX/Marc_Veasey.htm,Voted against TPA,http://www.ontheissues.org/TX/Marc_Veasey.htm,Claims to be fighting for increased minimum wage but won't put a number on it ,http://marcveasey.com/issues/,Complete,,,,,,,,,,,mattieren,Veasey_TX33.jpg,,,
Carlos Quintanilla,TX.33.H,Texas,TX,33,H,esthertrashsaint,Complete,"Job programs for folks with criminal records, supports other criminal rehabilitation efforts. ""To provide “A New Life” programs for individuals with criminal records, to allow redemption of individuals with felony convictions by securing funds for on the job training and vocational training, tutoring programs and job skills workshops, independent of State Workforce Program that are not working"".
",http://quintanilla2016.com/issues/,"legalize pot, expand drug rehab programs",http://quintanilla2016.com/issues/,"create local vocational training programs, small business loans program and $1 million college scholarship program",http://quintanilla2016.com/issues/,Incomplete,,,,,,,,,,,mattieren,Quintenilla_TX33.jpg,,,
Raul (Roy) Barrera,TX.27.H,Texas,TX,27,H,mattieren,Complete,Believes better salaries will help keep teachers local and help children recieve the education they deserve. ,http://www.electraulroybarrera.com/blog,“We need to assist and aid our veterans with their needs during and after they return home from serving and protecting this country that we dearly love.”,http://www.electraulroybarrera.com/blog,"Wants to strengthen the middle class by creating more jobs, offering incentives and tax breaks to the working class, and ending bailouts of large corporations. ",http://www.electraulroybarrera.com/blog,Incomplete,brendantampa,Opposes giving bailout money to large corporations.,http://www.electraulroybarrera.com/blog,Wants to protect Social Security.,http://www.caller.com/opinion/editorials/barrera-is-the-best-of-the-democrats-2b6cdc59-cafb-6000-e053-0100007f69e5-368676521.html,Supports paying teachers better salaries and assisting veterans.,http://www.electraulroybarrera.com/blog,Complete,,,mattieren,Barrera_TX27.jpg,,,
Wayne Raasch,TX.27.H,Texas,TX,27,H,esthertrashsaint,Complete,"""If a voter doesn't know who is supporting a candidate, it can be very hard to determine how messages may be being manipulated.”",,"""To ignore climate change is to endanger our national security."" Favors incentives for businesses and individuals who help America transition to renewable energy. ",,Corporate greed has a negative effect on the nation's poor.,,Incomplete,,,,,,,,,,,abowersock,not found,,,
Jim Berns,OH.01.H,Ohio,OH,1,H,drowsy,Incomplete,,,,,,,,,,,,,,,,,,abowersock,JBerns_OH1.jpg,,,
Fred Kundrata ,OH.01.H,Ohio,OH,1,H,,,,,,,,,,,,,,,,,,,,abowersock,Kundrata_OH1.jpg,,,
Michele Young,OH.01.H,Ohio,OH,1,H,,,,,,,,,,,,,,,,,,,,abowersock,Young_OH1.jpg,,,
Russ Hurley,OH.02.H,Ohio,OH,2,H,,,,,,,,,,,,,,,,,,,,abowersock,Hurley_OH2.jpg,,,
Ronny Richards ,OH.02.H,Ohio,OH,2,H,,,,,,,,,,,,,,,,,,,,abowersock,Richards_OH2.jpg,,,
William R. “Butch” Smith,OH.02.H,Ohio,OH,2,H,,,,,,,,,,,,,,,,,,,,abowersock,Smith_OH2.jpg,,,
Janet Garrett,OH.04.H,Ohio,OH,4,H,,,,,,,,,,,,,,,,,,,,abowersock,Garrett_OH4.jpg,,,
Norbert Dennerll,OH.04.H,Ohio,OH,4,H,,,,,,,,,,,,,,,,,,,,abowersock,Dennerrl_OH4.jpg,,,
Daniel Johnson,OH.04.H,Ohio,OH,4,H,,,,,,,,,,,,,,,,,,,,abowersock,not found,,,
Tim Ryan,OH.13.H,Ohio,OH,13,H,,,,,,,,,,,,,,,,,,,,abowersock,Ryan_OH13.jpg,,,
John Luchansky,OH.13.H,Ohio,OH,13,H,,,,,,,,,,,,,,,,,,,,abowersock,Luchansky_OH13.jpg,,,
Alfred Mackey,OH.14.H,Ohio,OH,14,H,,,,,,,,,,,,,,,,,,,,abowersock,not found,,,
Michael Wagner,OH.14.H,Ohio,OH,14,H,,,,,,,,,,,,,,,,,,,,abowersock,Wagner_OH14.jpg,,,
Kelli Prather,OH.0.S,Ohio,OH,,S,,,,,,,,,,,,,,,,,,,,abowersock,Prather_OH3.jpg,,,
P.G. Sittenfield,OH.0.S,Ohio,OH,,S,,,,,,,,,,,,,,,,,,,,,,,,
Ted Strickland,OH.0.S,Ohio,OH,,S,,,,,,,,,,,,,,,,,,,,,,,,
Bobby Rush,IL.01.H,Illinois,IL,1,H,,,,,,,,,,,,,,,,,,,,,,,,
Patrick Brutus,IL.01.H,Illinois,IL,1,H,,,,,,,,,,,,,,,,,,,,,,,,
Howard B. Brookins,IL.01.H,Illinois,IL,1,H,,,,,,,,,,,,,,,,,,,,,,,,
Robin Kelly,IL.02.H,Illinois,IL,2,H,,,,,,,,,,,,,,,,,,,,,,,,
Marcus Lewis,IL.02.H,Illinois,IL,2,H,,,,,,,,,,,,,,,,,,,,,,,,
Dorian Myrickes,IL.02.H,Illinois,IL,2,H,,,,,,,,,,,,,,,,,,,,,,,,
Charles Rayburn,IL.02.H,Illinois,IL,2,H,,,,,,,,,,,,,,,,,,,,,,,,
Luis Gutierrez,IL.04.H,Illinois,IL,4,H,,,,,,,,,,,,,,,,,,,,,,,,
Javier Salas,IL.04.H,Illinois,IL,4,H,,,,,,,,,,,,,,,,,,,,,,,,
Robert Marshall,IL.06.H,Illinois,IL,6,H,,,,,,,,,,,,,,,,,,,,,,,,
Amanda Howland,IL.06.H,Illinois,IL,6,H,,,,,,,,,,,,,,,,,,,,,,,,
Danny K. Davis,IL.07.H,Illinois,IL,7,H,,,,,,,,,,,,,,,,,,,,,,,,
Thomas Day,IL.07.H,Illinois,IL,7,H,,,,,,,,,,,,,,,,,,,,,,,,
Raja Krishnamoorthi,IL.08.H,Illinois,IL,8,H,,,,,,,,,,,,,,,,,,,,,,,,
Michael Noland,IL.08.H,Illinois,IL,8,H,,,,,,,,,,,,,,,,,,,,,,,,
Deb Bullwinke,IL.08.H,Illinois,IL,8,H,,,,,,,,,,,,,,,,,,,,,,,,
Nancy Rotering ,IL.10.H,Illinois,IL,10,H,,,,,,,,,,,,,,,,,,,,,,,,
Brad Schneider,IL.10.H,Illinois,IL,10,H,,,,,,,,,,,,,,,,,,,,,,,,
Jesse Maggitt,IL.14.H,Illinois,IL,14,H,,,,,,,,,,,,,,,,,,,,,,,,
John Hosta,IL.14.H,Illinois,IL,14,H,,,,,,,,,,,,,,,,,,,,,,,,
Jim Walz,IL.14.H,Illinois,IL,14,H,,,,,,,,,,,,,,,,,,,,,,,,
Tammy Duckworth ,IL.0.S,Illinois,IL,,S,,,,,,,,,,,,,,,,,,,,,,,,
Andrea Zopp,IL.0.S,Illinois,IL,,S,,,,,,,,,,,,,,,,,,,,,,,,
Napoleon Harris,IL.0.S,Illinois,IL,,S,,,,,,,,,,,,,,,,,,,,,,,,
,.0.,,,,,,,,,,,,,,,,,,,,,,,,,,,,
,.0.,,,,,,,,,,,,,,,,,,,,,,,,,,,,
,.0.,,,,,,,,,,,,,,,,,,,,,,,,,,,,
,.0.,,,,,,,,,,,,,,,,,,,,,,,,,,,,
,.0.,,,,,,,,,,,,,,,,,,,,,,,,,,,,
,.0.,,,,,,,,,,,,,,,,,,,,,,,,,,,,
,.0.,,,,,,,,,,,,,,,,,,,,,,,,,,,,
,.0.,,,,,,,,,,,,,,,,,,,,,,,,,,,,
,.0.,,,,,,,,,,,,,,,,,,,,,,,,,,,,
,.0.,,,,,,,,,,,,,,,,,,,,,,,,,,,,
,.0.,,,,,,,,,,,,,,,,,,,,,,,,,,,,
,.0.,,,,,,,,,,,,,,,,,,,,,,,,,,,,
,.0.,,,,,,,,,,,,,,,,,,,,,,,,,,,,
,.0.,,,,,,,,,,,,,,,,,,,,,,,,,,,,
,.0.,,,,,,,,,,,,,,,,,,,,,,,,,,,,
,.0.,,,,,,,,,,,,,,,,,,,,,,,,,,,,
,.0.,,,,,,,,,,,,,,,,,,,,,,,,,,,,
,.0.,,,,,,,,,,,,,,,,,,,,,,,,,,,,
,.0.,,,,,,,,,,,,,,,,,,,,,,,,,,,,
,.0.,,,,,,,,,,,,,,,,,,,,,,,,,,,,
,.0.,,,,,,,,,,,,,,,,,,,,,,,,,,,,
,.0.,,,,,,,,,,,,,,,,,,,,,,,,,,,,
,.0.,,,,,,,,,,,,,,,,,,,,,,,,,,,,
,.0.,,,,,,,,,,,,,,,,,,,,,,,,,,,,
,.0.,,,,,,,,,,,,,,,,,,,,,,,,,,,,
,.0.,,,,,,,,,,,,,,,,,,,,,,,,,,,,
,.0.,,,,,,,,,,,,,,,,,,,,,,,,,,,,
,.0.,,,,,,,,,,,,,,,,,,,,,,,,,,,,
,.0.,,,,,,,,,,,,,,,,,,,,,,,,,,,,
,.0.,,,,,,,,,,,,,,,,,,,,,,,,,,,,
,.0.,,,,,,,,,,,,,,,,,,,,,,,,,,,,
,.0.,,,,,,,,,,,,,,,,,,,,,,,,,,,,
,.0.,,,,,,,,,,,,,,,,,,,,,,,,,,,,
,.0.,,,,,,,,,,,,,,,,,,,,,,,,,,,,
,.0.,,,,,,,,,,,,,,,,,,,,,,,,,,,,
,.0.,,,,,,,,,,,,,,,,,,,,,,,,,,,,
,.0.,,,,,,,,,,,,,,,,,,,,,,,,,,,,
,.0.,,,,,,,,,,,,,,,,,,,,,,,,,,,,
,.0.,,,,,,,,,,,,,,,,,,,,,,,,,,,,
,.0.,,,,,,,,,,,,,,,,,,,,,,,,,,,,
,.0.,,,,,,,,,,,,,,,,,,,,,,,,,,,,
,.0.,,,,,,,,,,,,,,,,,,,,,,,,,,,,
,.0.,,,,,,,,,,,,,,,,,,,,,,,,,,,,
,.0.,,,,,,,,,,,,,,,,,,,,,,,,,,,,
,.0.,,,,,,,,,,,,,,,,,,,,,,,,,,,,
,.0.,,,,,,,,,,,,,,,,,,,,,,,,,,,,
,.0.,,,,,,,,,,,,,,,,,,,,,,,,,,,,
,.0.,,,,,,,,,,,,,,,,,,,,,,,,,,,,
,.0.,,,,,,,,,,,,,,,,,,,,,,,,,,,,
,.0.,,,,,,,,,,,,,,,,,,,,,,,,,,,,
,.0.,,,,,,,,,,,,,,,,,,,,,,,,,,,,
,.0.,,,,,,,,,,,,,,,,,,,,,,,,,,,,
,.0.,,,,,,,,,,,,,,,,,,,,,,,,,,,,
,.0.,,,,,,,,,,,,,,,,,,,,,,,,,,,,
,.0.,,,,,,,,,,,,,,,,,,,,,,,,,,,,
,.0.,,,,,,,,,,,,,,,,,,,,,,,,,,,,
,.0.,,,,,,,,,,,,,,,,,,,,,,,,,,,,
,.0.,,,,,,,,,,,,,,,,,,,,,,,,,,,,
,.0.,,,,,,,,,,,,,,,,,,,,,,,,,,,,
,.0.,,,,,,,,,,,,,,,,,,,,,,,,,,,,
,.0.,,,,,,,,,,,,,,,,,,,,,,,,,,,,
,.0.,,,,,,,,,,,,,,,,,,,,,,,,,,,,
,.0.,,,,,,,,,,,,,,,,,,,,,,,,,,,,
,.0.,,,,,,,,,,,,,,,,,,,,,,,,,,,,
,.0.,,,,,,,,,,,,,,,,,,,,,,,,,,,,
,.0.,,,,,,,,,,,,,,,,,,,,,,,,,,,,
,.0.,,,,,,,,,,,,,,,,,,,,,,,,,,,,
,.0.,,,,,,,,,,,,,,,,,,,,,,,,,,,,
,.0.,,,,,,,,,,,,,,,,,,,,,,,,,,,,
,.0.,,,,,,,,,,,,,,,,,,,,,,,,,,,,
,.0.,,,,,,,,,,,,,,,,,,,,,,,,,,,,
,.0.,,,,,,,,,,,,,,,,,,,,,,,,,,,,
,.0.,,,,,,,,,,,,,,,,,,,,,,,,,,,,
,.0.,,,,,,,,,,,,,,,,,,,,,,,,,,,,
,.0.,,,,,,,,,,,,,,,,,,,,,,,,,,,,
,.0.,,,,,,,,,,,,,,,,,,,,,,,,,,,,
,.0.,,,,,,,,,,,,,,,,,,,,,,,,,,,,
,.0.,,,,,,,,,,,,,,,,,,,,,,,,,,,,
,.0.,,,,,,,,,,,,,,,,,,,,,,,,,,,,
,.0.,,,,,,,,,,,,,,,,,,,,,,,,,,,,
,.0.,,,,,,,,,,,,,,,,,,,,,,,,,,,,
,.0.,,,,,,,,,,,,,,,,,,,,,,,,,,,,
,.0.,,,,,,,,,,,,,,,,,,,,,,,,,,,,
,.0.,,,,,,,,,,,,,,,,,,,,,,,,,,,,
,.0.,,,,,,,,,,,,,,,,,,,,,,,,,,,,
,.0.,,,,,,,,,,,,,,,,,,,,,,,,,,,,
,.0.,,,,,,,,,,,,,,,,,,,,,,,,,,,,
,.0.,,,,,,,,,,,,,,,,,,,,,,,,,,,,
,.0.,,,,,,,,,,,,,,,,,,,,,,,,,,,,
,.0.,,,,,,,,,,,,,,,,,,,,,,,,,,,,
,.0.,,,,,,,,,,,,,,,,,,,,,,,,,,,,
,.0.,,,,,,,,,,,,,,,,,,,,,,,,,,,,
,.0.,,,,,,,,,,,,,,,,,,,,,,,,,,,,
,.0.,,,,,,,,,,,,,,,,,,,,,,,,,,,,
,.0.,,,,,,,,,,,,,,,,,,,,,,,,,,,,
,.0.,,,,,,,,,,,,,,,,,,,,,,,,,,,,
,.0.,,,,,,,,,,,,,,,,,,,,,,,,,,,,
,.0.,,,,,,,,,,,,,,,,,,,,,,,,,,,,
,.0.,,,,,,,,,,,,,,,,,,,,,,,,,,,,
,.0.,,,,,,,,,,,,,,,,,,,,,,,,,,,,
,.0.,,,,,,,,,,,,,,,,,,,,,,,,,,,,
,.0.,,,,,,,,,,,,,,,,,,,,,,,,,,,,
,.0.,,,,,,,,,,,,,,,,,,,,,,,,,,,,
,.0.,,,,,,,,,,,,,,,,,,,,,,,,,,,,
,.0.,,,,,,,,,,,,,,,,,,,,,,,,,,,,
,.0.,,,,,,,,,,,,,,,,,,,,,,,,,,,,
,.0.,,,,,,,,,,,,,,,,,,,,,,,,,,,,
,.0.,,,,,,,,,,,,,,,,,,,,,,,,,,,,
,.0.,,,,,,,,,,,,,,,,,,,,,,,,,,,,
,.0.,,,,,,,,,,,,,,,,,,,,,,,,,,,,
,.0.,,,,,,,,,,,,,,,,,,,,,,,,,,,,
,.0.,,,,,,,,,,,,,,,,,,,,,,,,,,,,
,.0.,,,,,,,,,,,,,,,,,,,,,,,,,,,,
,.0.,,,,,,,,,,,,,,,,,,,,,,,,,,,,
,.0.,,,,,,,,,,,,,,,,,,,,,,,,,,,,
,.0.,,,,,,,,,,,,,,,,,,,,,,,,,,,,
,.0.,,,,,,,,,,,,,,,,,,,,,,,,,,,,
,.0.,,,,,,,,,,,,,,,,,,,,,,,,,,,,
,.0.,,,,,,,,,,,,,,,,,,,,,,,,,,,,
,.0.,,,,,,,,,,,,,,,,,,,,,,,,,,,,
,.0.,,,,,,,,,,,,,,,,,,,,,,,,,,,,
,.0.,,,,,,,,,,,,,,,,,,,,,,,,,,,,
,.0.,,,,,,,,,,,,,,,,,,,,,,,,,,,,
,.0.,,,,,,,,,,,,,,,,,,,,,,,,,,,,
,.0.,,,,,,,,,,,,,,,,,,,,,,,,,,,,
,.0.,,,,,,,,,,,,,,,,,,,,,,,,,,,,
,.0.,,,,,,,,,,,,,,,,,,,,,,,,,,,,
,.0.,,,,,,,,,,,,,,,,,,,,,,,,,,,,
,.0.,,,,,,,,,,,,,,,,,,,,,,,,,,,,
,.0.,,,,,,,,,,,,,,,,,,,,,,,,,,,,
,.0.,,,,,,,,,,,,,,,,,,,,,,,,,,,,
,.0.,,,,,,,,,,,,,,,,,,,,,,,,,,,,
,.0.,,,,,,,,,,,,,,,,,,,,,,,,,,,,
,.0.,,,,,,,,,,,,,,,,,,,,,,,,,,,,
,.0.,,,,,,,,,,,,,,,,,,,,,,,,,,,,
,.0.,,,,,,,,,,,,,,,,,,,,,,,,,,,,
,.0.,,,,,,,,,,,,,,,,,,,,,,,,,,,,
,.0.,,,,,,,,,,,,,,,,,,,,,,,,,,,,
,.0.,,,,,,,,,,,,,,,,,,,,,,,,,,,,
,.0.,,,,,,,,,,,,,,,,,,,,,,,,,,,,
,.0.,,,,,,,,,,,,,,,,,,,,,,,,,,,,
,.0.,,,,,,,,,,,,,,,,,,,,,,,,,,,,
,.0.,,,,,,,,,,,,,,,,,,,,,,,,,,,,
,.0.,,,,,,,,,,,,,,,,,,,,,,,,,,,,
,.0.,,,,,,,,,,,,,,,,,,,,,,,,,,,,
,.0.,,,,,,,,,,,,,,,,,,,,,,,,,,,,
,.0.,,,,,,,,,,,,,,,,,,,,,,,,,,,,
,.0.,,,,,,,,,,,,,,,,,,,,,,,,,,,,
,.0.,,,,,,,,,,,,,,,,,,,,,,,,,,,,
,.0.,,,,,,,,,,,,,,,,,,,,,,,,,,,,
,.0.,,,,,,,,,,,,,,,,,,,,,,,,,,,,
,.0.,,,,,,,,,,,,,,,,,,,,,,,,,,,,
,.0.,,,,,,,,,,,,,,,,,,,,,,,,,,,,
,.0.,,,,,,,,,,,,,,,,,,,,,,,,,,,,
,.0.,,,,,,,,,,,,,,,,,,,,,,,,,,,,
,.0.,,,,,,,,,,,,,,,,,,,,,,,,,,,,
,.0.,,,,,,,,,,,,,,,,,,,,,,,,,,,,
,.0.,,,,,,,,,,,,,,,,,,,,,,,,,,,,
,.0.,,,,,,,,,,,,,,,,,,,,,,,,,,,,
,.0.,,,,,,,,,,,,,,,,,,,,,,,,,,,,
,.0.,,,,,,,,,,,,,,,,,,,,,,,,,,,,
,.0.,,,,,,,,,,,,,,,,,,,,,,,,,,,,
,.0.,,,,,,,,,,,,,,,,,,,,,,,,,,,,
,.0.,,,,,,,,,,,,,,,,,,,,,,,,,,,,
,.0.,,,,,,,,,,,,,,,,,,,,,,,,,,,,
,.0.,,,,,,,,,,,,,,,,,,,,,,,,,,,,
,.0.,,,,,,,,,,,,,,,,,,,,,,,,,,,,
,.0.,,,,,,,,,,,,,,,,,,,,,,,,,,,,
,.0.,,,,,,,,,,,,,,,,,,,,,,,,,,,,
,.0.,,,,,,,,,,,,,,,,,,,,,,,,,,,,
,.0.,,,,,,,,,,,,,,,,,,,,,,,,,,,,
,.0.,,,,,,,,,,,,,,,,,,,,,,,,,,,,
,.0.,,,,,,,,,,,,,,,,,,,,,,,,,,,,
,.0.,,,,,,,,,,,,,,,,,,,,,,,,,,,,
,.0.,,,,,,,,,,,,,,,,,,,,,,,,,,,,
,.0.,,,,,,,,,,,,,,,,,,,,,,,,,,,,
,.0.,,,,,,,,,,,,,,,,,,,,,,,,,,,,
,.0.,,,,,,,,,,,,,,,,,,,,,,,,,,,,
,.0.,,,,,,,,,,,,,,,,,,,,,,,,,,,,
,.0.,,,,,,,,,,,,,,,,,,,,,,,,,,,,
,.0.,,,,,,,,,,,,,,,,,,,,,,,,,,,,
,.0.,,,,,,,,,,,,,,,,,,,,,,,,,,,,
,.0.,,,,,,,,,,,,,,,,,,,,,,,,,,,,
,.0.,,,,,,,,,,,,,,,,,,,,,,,,,,,,
,.0.,,,,,,,,,,,,,,,,,,,,,,,,,,,,
,.0.,,,,,,,,,,,,,,,,,,,,,,,,,,,,
,.0.,,,,,,,,,,,,,,,,,,,,,,,,,,,,
,.0.,,,,,,,,,,,,,,,,,,,,,,,,,,,,
,.0.,,,,,,,,,,,,,,,,,,,,,,,,,,,,
,.0.,,,,,,,,,,,,,,,,,,,,,,,,,,,,
,.0.,,,,,,,,,,,,,,,,,,,,,,,,,,,,
,.0.,,,,,,,,,,,,,,,,,,,,,,,,,,,,
,.0.,,,,,,,,,,,,,,,,,,,,,,,,,,,,
,.0.,,,,,,,,,,,,,,,,,,,,,,,,,,,,
,.0.,,,,,,,,,,,,,,,,,,,,,,,,,,,,
,.0.,,,,,,,,,,,,,,,,,,,,,,,,,,,,
,.0.,,,,,,,,,,,,,,,,,,,,,,,,,,,,
,.0.,,,,,,,,,,,,,,,,,,,,,,,,,,,,
,.0.,,,,,,,,,,,,,,,,,,,,,,,,,,,,
,.0.,,,,,,,,,,,,,,,,,,,,,,,,,,,,
,.0.,,,,,,,,,,,,,,,,,,,,,,,,,,,,
,.0.,,,,,,,,,,,,,,,,,,,,,,,,,,,,
,.0.,,,,,,,,,,,,,,,,,,,,,,,,,,,,
,.0.,,,,,,,,,,,,,,,,,,,,,,,,,,,,
,.0.,,,,,,,,,,,,,,,,,,,,,,,,,,,,
,.0.,,,,,,,,,,,,,,,,,,,,,,,,,,,,
,.0.,,,,,,,,,,,,,,,,,,,,,,,,,,,,
,.0.,,,,,,,,,,,,,,,,,,,,,,,,,,,,
,.0.,,,,,,,,,,,,,,,,,,,,,,,,,,,,
,.0.,,,,,,,,,,,,,,,,,,,,,,,,,,,,
,.0.,,,,,,,,,,,,,,,,,,,,,,,,,,,,
,.0.,,,,,,,,,,,,,,,,,,,,,,,,,,,,
,.0.,,,,,,,,,,,,,,,,,,,,,,,,,,,,
,.0.,,,,,,,,,,,,,,,,,,,,,,,,,,,,
,.0.,,,,,,,,,,,,,,,,,,,,,,,,,,,,
,.0.,,,,,,,,,,,,,,,,,,,,,,,,,,,,
,.0.,,,,,,,,,,,,,,,,,,,,,,,,,,,,
,.0.,,,,,,,,,,,,,,,,,,,,,,,,,,,,
,.0.,,,,,,,,,,,,,,,,,,,,,,,,,,,,
,.0.,,,,,,,,,,,,,,,,,,,,,,,,,,,,
,.0.,,,,,,,,,,,,,,,,,,,,,,,,,,,,
,.0.,,,,,,,,,,,,,,,,,,,,,,,,,,,,
,.0.,,,,,,,,,,,,,,,,,,,,,,,,,,,,
,.0.,,,,,,,,,,,,,,,,,,,,,,,,,,,,
,.0.,,,,,,,,,,,,,,,,,,,,,,,,,,,,
,.0.,,,,,,,,,,,,,,,,,,,,,,,,,,,,
,.0.,,,,,,,,,,,,,,,,,,,,,,,,,,,,
,.0.,,,,,,,,,,,,,,,,,,,,,,,,,,,,
,.0.,,,,,,,,,,,,,,,,,,,,,,,,,,,,
,.0.,,,,,,,,,,,,,,,,,,,,,,,,,,,,
,.0.,,,,,,,,,,,,,,,,,,,,,,,,,,,,
,.0.,,,,,,,,,,,,,,,,,,,,,,,,,,,,
,.0.,,,,,,,,,,,,,,,,,,,,,,,,,,,,
,.0.,,,,,,,,,,,,,,,,,,,,,,,,,,,,
,.0.,,,,,,,,,,,,,,,,,,,,,,,,,,,,
,.0.,,,,,,,,,,,,,,,,,,,,,,,,,,,,
,.0.,,,,,,,,,,,,,,,,,,,,,,,,,,,,
,.0.,,,,,,,,,,,,,,,,,,,,,,,,,,,,
,.0.,,,,,,,,,,,,,,,,,,,,,,,,,,,,
,.0.,,,,,,,,,,,,,,,,,,,,,,,,,,,,
,.0.,,,,,,,,,,,,,,,,,,,,,,,,,,,,
,.0.,,,,,,,,,,,,,,,,,,,,,,,,,,,,
,.0.,,,,,,,,,,,,,,,,,,,,,,,,,,,,
,.0.,,,,,,,,,,,,,,,,,,,,,,,,,,,,
,.0.,,,,,,,,,,,,,,,,,,,,,,,,,,,,
,.0.,,,,,,,,,,,,,,,,,,,,,,,,,,,,
,.0.,,,,,,,,,,,,,,,,,,,,,,,,,,,,
,.0.,,,,,,,,,,,,,,,,,,,,,,,,,,,,
,.0.,,,,,,,,,,,,,,,,,,,,,,,,,,,,
,.0.,,,,,,,,,,,,,,,,,,,,,,,,,,,,
,.0.,,,,,,,,,,,,,,,,,,,,,,,,,,,,
,.0.,,,,,,,,,,,,,,,,,,,,,,,,,,,,
,.0.,,,,,,,,,,,,,,,,,,,,,,,,,,,,
,.0.,,,,,,,,,,,,,,,,,,,,,,,,,,,,
,.0.,,,,,,,,,,,,,,,,,,,,,,,,,,,,
,.0.,,,,,,,,,,,,,,,,,,,,,,,,,,,,
,.0.,,,,,,,,,,,,,,,,,,,,,,,,,,,,
,.0.,,,,,,,,,,,,,,,,,,,,,,,,,,,,
,.0.,,,,,,,,,,,,,,,,,,,,,,,,,,,,
,.0.,,,,,,,,,,,,,,,,,,,,,,,,,,,,
,.0.,,,,,,,,,,,,,,,,,,,,,,,,,,,,
,.0.,,,,,,,,,,,,,,,,,,,,,,,,,,,,
,.0.,,,,,,,,,,,,,,,,,,,,,,,,,,,,
,.0.,,,,,,,,,,,,,,,,,,,,,,,,,,,,
,.0.,,,,,,,,,,,,,,,,,,,,,,,,,,,,
,.0.,,,,,,,,,,,,,,,,,,,,,,,,,,,,
,.0.,,,,,,,,,,,,,,,,,,,,,,,,,,,,
,.0.,,,,,,,,,,,,,,,,,,,,,,,,,,,,
,.0.,,,,,,,,,,,,,,,,,,,,,,,,,,,,
,.0.,,,,,,,,,,,,,,,,,,,,,,,,,,,,
,.0.,,,,,,,,,,,,,,,,,,,,,,,,,,,,
,.0.,,,,,,,,,,,,,,,,,,,,,,,,,,,,
,.0.,,,,,,,,,,,,,,,,,,,,,,,,,,,,
,.0.,,,,,,,,,,,,,,,,,,,,,,,,,,,,
,.0.,,,,,,,,,,,,,,,,,,,,,,,,,,,,
,.0.,,,,,,,,,,,,,,,,,,,,,,,,,,,,
,.0.,,,,,,,,,,,,,,,,,,,,,,,,,,,,
,.0.,,,,,,,,,,,,,,,,,,,,,,,,,,,,
,.0.,,,,,,,,,,,,,,,,,,,,,,,,,,,,
,.0.,,,,,,,,,,,,,,,,,,,,,,,,,,,,
,.0.,,,,,,,,,,,,,,,,,,,,,,,,,,,,
,.0.,,,,,,,,,,,,,,,,,,,,,,,,,,,,
,.0.,,,,,,,,,,,,,,,,,,,,,,,,,,,,
,.0.,,,,,,,,,,,,,,,,,,,,,,,,,,,,
,.0.,,,,,,,,,,,,,,,,,,,,,,,,,,,,
,.0.,,,,,,,,,,,,,,,,,,,,,,,,,,,,
,.0.,,,,,,,,,,,,,,,,,,,,,,,,,,,,
,.0.,,,,,,,,,,,,,,,,,,,,,,,,,,,,
,.0.,,,,,,,,,,,,,,,,,,,,,,,,,,,,
,.0.,,,,,,,,,,,,,,,,,,,,,,,,,,,,
,.0.,,,,,,,,,,,,,,,,,,,,,,,,,,,,
,.0.,,,,,,,,,,,,,,,,,,,,,,,,,,,,
,.0.,,,,,,,,,,,,,,,,,,,,,,,,,,,,
,.0.,,,,,,,,,,,,,,,,,,,,,,,,,,,,
,.0.,,,,,,,,,,,,,,,,,,,,,,,,,,,,
,.0.,,,,,,,,,,,,,,,,,,,,,,,,,,,,
,.0.,,,,,,,,,,,,,,,,,,,,,,,,,,,,
,.0.,,,,,,,,,,,,,,,,,,,,,,,,,,,,
,.0.,,,,,,,,,,,,,,,,,,,,,,,,,,,,
,.0.,,,,,,,,,,,,,,,,,,,,,,,,,,,,
,.0.,,,,,,,,,,,,,,,,,,,,,,,,,,,,
,.0.,,,,,,,,,,,,,,,,,,,,,,,,,,,,
,.0.,,,,,,,,,,,,,,,,,,,,,,,,,,,,
,.0.,,,,,,,,,,,,,,,,,,,,,,,,,,,,
,.0.,,,,,,,,,,,,,,,,,,,,,,,,,,,,
,.0.,,,,,,,,,,,,,,,,,,,,,,,,,,,,
,.0.,,,,,,,,,,,,,,,,,,,,,,,,,,,,
,.0.,,,,,,,,,,,,,,,,,,,,,,,,,,,,
,.0.,,,,,,,,,,,,,,,,,,,,,,,,,,,,
,.0.,,,,,,,,,,,,,,,,,,,,,,,,,,,,
,.0.,,,,,,,,,,,,,,,,,,,,,,,,,,,,
,.0.,,,,,,,,,,,,,,,,,,,,,,,,,,,,
,.0.,,,,,,,,,,,,,,,,,,,,,,,,,,,,
,.0.,,,,,,,,,,,,,,,,,,,,,,,,,,,,
,.0.,,,,,,,,,,,,,,,,,,,,,,,,,,,,
,.0.,,,,,,,,,,,,,,,,,,,,,,,,,,,,
,.0.,,,,,,,,,,,,,,,,,,,,,,,,,,,,
,.0.,,,,,,,,,,,,,,,,,,,,,,,,,,,,
,.0.,,,,,,,,,,,,,,,,,,,,,,,,,,,,
,.0.,,,,,,,,,,,,,,,,,,,,,,,,,,,,
,.0.,,,,,,,,,,,,,,,,,,,,,,,,,,,,
,.0.,,,,,,,,,,,,,,,,,,,,,,,,,,,,
,.0.,,,,,,,,,,,,,,,,,,,,,,,,,,,,
,.0.,,,,,,,,,,,,,,,,,,,,,,,,,,,,
,.0.,,,,,,,,,,,,,,,,,,,,,,,,,,,,
,.0.,,,,,,,,,,,,,,,,,,,,,,,,,,,,
,.0.,,,,,,,,,,,,,,,,,,,,,,,,,,,,
,.0.,,,,,,,,,,,,,,,,,,,,,,,,,,,,
,.0.,,,,,,,,,,,,,,,,,,,,,,,,,,,,
,.0.,,,,,,,,,,,,,,,,,,,,,,,,,,,,
,.0.,,,,,,,,,,,,,,,,,,,,,,,,,,,,
,.0.,,,,,,,,,,,,,,,,,,,,,,,,,,,,
,.0.,,,,,,,,,,,,,,,,,,,,,,,,,,,,
,.0.,,,,,,,,,,,,,,,,,,,,,,,,,,,,
,.0.,,,,,,,,,,,,,,,,,,,,,,,,,,,,
,.0.,,,,,,,,,,,,,,,,,,,,,,,,,,,,
,.0.,,,,,,,,,,,,,,,,,,,,,,,,,,,,
,.0.,,,,,,,,,,,,,,,,,,,,,,,,,,,,
,.0.,,,,,,,,,,,,,,,,,,,,,,,,,,,,
,.0.,,,,,,,,,,,,,,,,,,,,,,,,,,,,
,.0.,,,,,,,,,,,,,,,,,,,,,,,,,,,,
,.0.,,,,,,,,,,,,,,,,,,,,,,,,,,,,
,.0.,,,,,,,,,,,,,,,,,,,,,,,,,,,,
,.0.,,,,,,,,,,,,,,,,,,,,,,,,,,,,
,.0.,,,,,,,,,,,,,,,,,,,,,,,,,,,,
,.0.,,,,,,,,,,,,,,,,,,,,,,,,,,,,
,.0.,,,,,,,,,,,,,,,,,,,,,,,,,,,,
,.0.,,,,,,,,,,,,,,,,,,,,,,,,,,,,
,.0.,,,,,,,,,,,,,,,,,,,,,,,,,,,,
,.0.,,,,,,,,,,,,,,,,,,,,,,,,,,,,
,.0.,,,,,,,,,,,,,,,,,,,,,,,,,,,,
,.0.,,,,,,,,,,,,,,,,,,,,,,,,,,,,
,.0.,,,,,,,,,,,,,,,,,,,,,,,,,,,,
,.0.,,,,,,,,,,,,,,,,,,,,,,,,,,,,
,.0.,,,,,,,,,,,,,,,,,,,,,,,,,,,,
,.0.,,,,,,,,,,,,,,,,,,,,,,,,,,,,
,.0.,,,,,,,,,,,,,,,,,,,,,,,,,,,,
,.0.,,,,,,,,,,,,,,,,,,,,,,,,,,,,
,.0.,,,,,,,,,,,,,,,,,,,,,,,,,,,,
,.0.,,,,,,,,,,,,,,,,,,,,,,,,,,,,
,.0.,,,,,,,,,,,,,,,,,,,,,,,,,,,,
,.0.,,,,,,,,,,,,,,,,,,,,,,,,,,,,
,.0.,,,,,,,,,,,,,,,,,,,,,,,,,,,,
,.0.,,,,,,,,,,,,,,,,,,,,,,,,,,,,
,.0.,,,,,,,,,,,,,,,,,,,,,,,,,,,,
,.0.,,,,,,,,,,,,,,,,,,,,,,,,,,,,
,.0.,,,,,,,,,,,,,,,,,,,,,,,,,,,,
,.0.,,,,,,,,,,,,,,,,,,,,,,,,,,,,
,.0.,,,,,,,,,,,,,,,,,,,,,,,,,,,,
,.0.,,,,,,,,,,,,,,,,,,,,,,,,,,,,
,.0.,,,,,,,,,,,,,,,,,,,,,,,,,,,,
,.0.,,,,,,,,,,,,,,,,,,,,,,,,,,,,
,.0.,,,,,,,,,,,,,,,,,,,,,,,,,,,,
,.0.,,,,,,,,,,,,,,,,,,,,,,,,,,,,
,.0.,,,,,,,,,,,,,,,,,,,,,,,,,,,,
,.0.,,,,,,,,,,,,,,,,,,,,,,,,,,,,
,.0.,,,,,,,,,,,,,,,,,,,,,,,,,,,,
,.0.,,,,,,,,,,,,,,,,,,,,,,,,,,,,
,.0.,,,,,,,,,,,,,,,,,,,,,,,,,,,,
,.0.,,,,,,,,,,,,,,,,,,,,,,,,,,,,
,.0.,,,,,,,,,,,,,,,,,,,,,,,,,,,,
,.0.,,,,,,,,,,,,,,,,,,,,,,,,,,,,
,.0.,,,,,,,,,,,,,,,,,,,,,,,,,,,,
,.0.,,,,,,,,,,,,,,,,,,,,,,,,,,,,
,.0.,,,,,,,,,,,,,,,,,,,,,,,,,,,,
,.0.,,,,,,,,,,,,,,,,,,,,,,,,,,,,
,.0.,,,,,,,,,,,,,,,,,,,,,,,,,,,,
,.0.,,,,,,,,,,,,,,,,,,,,,,,,,,,,
,.0.,,,,,,,,,,,,,,,,,,,,,,,,,,,,
,.0.,,,,,,,,,,,,,,,,,,,,,,,,,,,,
,.0.,,,,,,,,,,,,,,,,,,,,,,,,,,,,
,.0.,,,,,,,,,,,,,,,,,,,,,,,,,,,,
,.0.,,,,,,,,,,,,,,,,,,,,,,,,,,,,
,.0.,,,,,,,,,,,,,,,,,,,,,,,,,,,,
,.0.,,,,,,,,,,,,,,,,,,,,,,,,,,,,
,.0.,,,,,,,,,,,,,,,,,,,,,,,,,,,,
,.0.,,,,,,,,,,,,,,,,,,,,,,,,,,,,
,.0.,,,,,,,,,,,,,,,,,,,,,,,,,,,,
,.0.,,,,,,,,,,,,,,,,,,,,,,,,,,,,
,.0.,,,,,,,,,,,,,,,,,,,,,,,,,,,,
,.0.,,,,,,,,,,,,,,,,,,,,,,,,,,,,
,.0.,,,,,,,,,,,,,,,,,,,,,,,,,,,,
,.0.,,,,,,,,,,,,,,,,,,,,,,,,,,,,
,.0.,,,,,,,,,,,,,,,,,,,,,,,,,,,,
,.0.,,,,,,,,,,,,,,,,,,,,,,,,,,,,
,.0.,,,,,,,,,,,,,,,,,,,,,,,,,,,,
,.0.,,,,,,,,,,,,,,,,,,,,,,,,,,,,
,.0.,,,,,,,,,,,,,,,,,,,,,,,,,,,,
,.0.,,,,,,,,,,,,,,,,,,,,,,,,,,,,
,.0.,,,,,,,,,,,,,,,,,,,,,,,,,,,,
,.0.,,,,,,,,,,,,,,,,,,,,,,,,,,,,
,.0.,,,,,,,,,,,,,,,,,,,,,,,,,,,,
,.0.,,,,,,,,,,,,,,,,,,,,,,,,,,,,
,.0.,,,,,,,,,,,,,,,,,,,,,,,,,,,,
,.0.,,,,,,,,,,,,,,,,,,,,,,,,,,,,
,.0.,,,,,,,,,,,,,,,,,,,,,,,,,,,,
,.0.,,,,,,,,,,,,,,,,,,,,,,,,,,,,
,.0.,,,,,,,,,,,,,,,,,,,,,,,,,,,,
,.0.,,,,,,,,,,,,,,,,,,,,,,,,,,,,
,.0.,,,,,,,,,,,,,,,,,,,,,,,,,,,,
,.0.,,,,,,,,,,,,,,,,,,,,,,,,,,,,
,.0.,,,,,,,,,,,,,,,,,,,,,,,,,,,,
,.0.,,,,,,,,,,,,,,,,,,,,,,,,,,,,
,.0.,,,,,,,,,,,,,,,,,,,,,,,,,,,,
,.0.,,,,,,,,,,,,,,,,,,,,,,,,,,,,
,.0.,,,,,,,,,,,,,,,,,,,,,,,,,,,,
,.0.,,,,,,,,,,,,,,,,,,,,,,,,,,,,
,.0.,,,,,,,,,,,,,,,,,,,,,,,,,,,,
,.0.,,,,,,,,,,,,,,,,,,,,,,,,,,,,
,.0.,,,,,,,,,,,,,,,,,,,,,,,,,,,,
,.0.,,,,,,,,,,,,,,,,,,,,,,,,,,,,
,.0.,,,,,,,,,,,,,,,,,,,,,,,,,,,,
,.0.,,,,,,,,,,,,,,,,,,,,,,,,,,,,
,.0.,,,,,,,,,,,,,,,,,,,,,,,,,,,,
,.0.,,,,,,,,,,,,,,,,,,,,,,,,,,,,
,.0.,,,,,,,,,,,,,,,,,,,,,,,,,,,,
,.0.,,,,,,,,,,,,,,,,,,,,,,,,,,,,
,.0.,,,,,,,,,,,,,,,,,,,,,,,,,,,,
,.0.,,,,,,,,,,,,,,,,,,,,,,,,,,,,
,.0.,,,,,,,,,,,,,,,,,,,,,,,,,,,,
,.0.,,,,,,,,,,,,,,,,,,,,,,,,,,,,
,.0.,,,,,,,,,,,,,,,,,,,,,,,,,,,,
,.0.,,,,,,,,,,,,,,,,,,,,,,,,,,,,
,.0.,,,,,,,,,,,,,,,,,,,,,,,,,,,,
,.0.,,,,,,,,,,,,,,,,,,,,,,,,,,,,
,.0.,,,,,,,,,,,,,,,,,,,,,,,,,,,,
,.0.,,,,,,,,,,,,,,,,,,,,,,,,,,,,
,.0.,,,,,,,,,,,,,,,,,,,,,,,,,,,,
,.0.,,,,,,,,,,,,,,,,,,,,,,,,,,,,
,.0.,,,,,,,,,,,,,,,,,,,,,,,,,,,,
,.0.,,,,,,,,,,,,,,,,,,,,,,,,,,,,
,.0.,,,,,,,,,,,,,,,,,,,,,,,,,,,,
,.0.,,,,,,,,,,,,,,,,,,,,,,,,,,,,
,.0.,,,,,,,,,,,,,,,,,,,,,,,,,,,,
,.0.,,,,,,,,,,,,,,,,,,,,,,,,,,,,
,.0.,,,,,,,,,,,,,,,,,,,,,,,,,,,,
,.0.,,,,,,,,,,,,,,,,,,,,,,,,,,,,
,.0.,,,,,,,,,,,,,,,,,,,,,,,,,,,,
,.0.,,,,,,,,,,,,,,,,,,,,,,,,,,,,
,.0.,,,,,,,,,,,,,,,,,,,,,,,,,,,,
,.0.,,,,,,,,,,,,,,,,,,,,,,,,,,,,
,.0.,,,,,,,,,,,,,,,,,,,,,,,,,,,,
,.0.,,,,,,,,,,,,,,,,,,,,,,,,,,,,
,.0.,,,,,,,,,,,,,,,,,,,,,,,,,,,,
,.0.,,,,,,,,,,,,,,,,,,,,,,,,,,,,
,.0.,,,,,,,,,,,,,,,,,,,,,,,,,,,,
,.0.,,,,,,,,,,,,,,,,,,,,,,,,,,,,
,.0.,,,,,,,,,,,,,,,,,,,,,,,,,,,,
,.0.,,,,,,,,,,,,,,,,,,,,,,,,,,,,
,.0.,,,,,,,,,,,,,,,,,,,,,,,,,,,,
,.0.,,,,,,,,,,,,,,,,,,,,,,,,,,,,
,.0.,,,,,,,,,,,,,,,,,,,,,,,,,,,,
,.0.,,,,,,,,,,,,,,,,,,,,,,,,,,,,
,.0.,,,,,,,,,,,,,,,,,,,,,,,,,,,,
,.0.,,,,,,,,,,,,,,,,,,,,,,,,,,,,
,.0.,,,,,,,,,,,,,,,,,,,,,,,,,,,,
,.0.,,,,,,,,,,,,,,,,,,,,,,,,,,,,
,.0.,,,,,,,,,,,,,,,,,,,,,,,,,,,,
,.0.,,,,,,,,,,,,,,,,,,,,,,,,,,,,
,.0.,,,,,,,,,,,,,,,,,,,,,,,,,,,,
,.0.,,,,,,,,,,,,,,,,,,,,,,,,,,,,
,.0.,,,,,,,,,,,,,,,,,,,,,,,,,,,,
,.0.,,,,,,,,,,,,,,,,,,,,,,,,,,,,
,.0.,,,,,,,,,,,,,,,,,,,,,,,,,,,,
,.0.,,,,,,,,,,,,,,,,,,,,,,,,,,,,
,.0.,,,,,,,,,,,,,,,,,,,,,,,,,,,,
,.0.,,,,,,,,,,,,,,,,,,,,,,,,,,,,
,.0.,,,,,,,,,,,,,,,,,,,,,,,,,,,,
,.0.,,,,,,,,,,,,,,,,,,,,,,,,,,,,
,.0.,,,,,,,,,,,,,,,,,,,,,,,,,,,,
,.0.,,,,,,,,,,,,,,,,,,,,,,,,,,,,
,.0.,,,,,,,,,,,,,,,,,,,,,,,,,,,,
,.0.,,,,,,,,,,,,,,,,,,,,,,,,,,,,
,.0.,,,,,,,,,,,,,,,,,,,,,,,,,,,,
,.0.,,,,,,,,,,,,,,,,,,,,,,,,,,,,
,.0.,,,,,,,,,,,,,,,,,,,,,,,,,,,,
,.0.,,,,,,,,,,,,,,,,,,,,,,,,,,,,
,.0.,,,,,,,,,,,,,,,,,,,,,,,,,,,,
,.0.,,,,,,,,,,,,,,,,,,,,,,,,,,,,
,.0.,,,,,,,,,,,,,,,,,,,,,,,,,,,,
,.0.,,,,,,,,,,,,,,,,,,,,,,,,,,,,
,.0.,,,,,,,,,,,,,,,,,,,,,,,,,,,,
,.0.,,,,,,,,,,,,,,,,,,,,,,,,,,,,
,.0.,,,,,,,,,,,,,,,,,,,,,,,,,,,,
,.0.,,,,,,,,,,,,,,,,,,,,,,,,,,,,
,.0.,,,,,,,,,,,,,,,,,,,,,,,,,,,,
,.0.,,,,,,,,,,,,,,,,,,,,,,,,,,,,
,.0.,,,,,,,,,,,,,,,,,,,,,,,,,,,,
,.0.,,,,,,,,,,,,,,,,,,,,,,,,,,,,
,.0.,,,,,,,,,,,,,,,,,,,,,,,,,,,,
,.0.,,,,,,,,,,,,,,,,,,,,,,,,,,,,
,.0.,,,,,,,,,,,,,,,,,,,,,,,,,,,,
,.0.,,,,,,,,,,,,,,,,,,,,,,,,,,,,
,.0.,,,,,,,,,,,,,,,,,,,,,,,,,,,,
,.0.,,,,,,,,,,,,,,,,,,,,,,,,,,,,
,.0.,,,,,,,,,,,,,,,,,,,,,,,,,,,,
,.0.,,,,,,,,,,,,,,,,,,,,,,,,,,,,
,.0.,,,,,,,,,,,,,,,,,,,,,,,,,,,,
,.0.,,,,,,,,,,,,,,,,,,,,,,,,,,,,
,.0.,,,,,,,,,,,,,,,,,,,,,,,,,,,,
,.0.,,,,,,,,,,,,,,,,,,,,,,,,,,,,
,.0.,,,,,,,,,,,,,,,,,,,,,,,,,,,,
,.0.,,,,,,,,,,,,,,,,,,,,,,,,,,,,
,.0.,,,,,,,,,,,,,,,,,,,,,,,,,,,,
,.0.,,,,,,,,,,,,,,,,,,,,,,,,,,,,
,.0.,,,,,,,,,,,,,,,,,,,,,,,,,,,,
,.0.,,,,,,,,,,,,,,,,,,,,,,,,,,,,
,.0.,,,,,,,,,,,,,,,,,,,,,,,,,,,,
,.0.,,,,,,,,,,,,,,,,,,,,,,,,,,,,
,.0.,,,,,,,,,,,,,,,,,,,,,,,,,,,,
,.0.,,,,,,,,,,,,,,,,,,,,,,,,,,,,
,.0.,,,,,,,,,,,,,,,,,,,,,,,,,,,,
,.0.,,,,,,,,,,,,,,,,,,,,,,,,,,,,
,.0.,,,,,,,,,,,,,,,,,,,,,,,,,,,,
,.0.,,,,,,,,,,,,,,,,,,,,,,,,,,,,
,.0.,,,,,,,,,,,,,,,,,,,,,,,,,,,,
,.0.,,,,,,,,,,,,,,,,,,,,,,,,,,,,
,.0.,,,,,,,,,,,,,,,,,,,,,,,,,,,,
,.0.,,,,,,,,,,,,,,,,,,,,,,,,,,,,
,.0.,,,,,,,,,,,,,,,,,,,,,,,,,,,,
,.0.,,,,,,,,,,,,,,,,,,,,,,,,,,,,
,.0.,,,,,,,,,,,,,,,,,,,,,,,,,,,,
,.0.,,,,,,,,,,,,,,,,,,,,,,,,,,,,
,.0.,,,,,,,,,,,,,,,,,,,,,,,,,,,,
,.0.,,,,,,,,,,,,,,,,,,,,,,,,,,,,
,.0.,,,,,,,,,,,,,,,,,,,,,,,,,,,,
,.0.,,,,,,,,,,,,,,,,,,,,,,,,,,,,
,.0.,,,,,,,,,,,,,,,,,,,,,,,,,,,,
,.0.,,,,,,,,,,,,,,,,,,,,,,,,,,,,
,.0.,,,,,,,,,,,,,,,,,,,,,,,,,,,,
,.0.,,,,,,,,,,,,,,,,,,,,,,,,,,,,
,.0.,,,,,,,,,,,,,,,,,,,,,,,,,,,,
,.0.,,,,,,,,,,,,,,,,,,,,,,,,,,,,
,.0.,,,,,,,,,,,,,,,,,,,,,,,,,,,,
,.0.,,,,,,,,,,,,,,,,,,,,,,,,,,,,
,.0.,,,,,,,,,,,,,,,,,,,,,,,,,,,,
,.0.,,,,,,,,,,,,,,,,,,,,,,,,,,,,
,.0.,,,,,,,,,,,,,,,,,,,,,,,,,,,,
,.0.,,,,,,,,,,,,,,,,,,,,,,,,,,,,
,.0.,,,,,,,,,,,,,,,,,,,,,,,,,,,,
,.0.,,,,,,,,,,,,,,,,,,,,,,,,,,,,
,.0.,,,,,,,,,,,,,,,,,,,,,,,,,,,,
,.0.,,,,,,,,,,,,,,,,,,,,,,,,,,,,
,.0.,,,,,,,,,,,,,,,,,,,,,,,,,,,,
,.0.,,,,,,,,,,,,,,,,,,,,,,,,,,,,
,.0.,,,,,,,,,,,,,,,,,,,,,,,,,,,,
,.0.,,,,,,,,,,,,,,,,,,,,,,,,,,,,
,.0.,,,,,,,,,,,,,,,,,,,,,,,,,,,,
,.0.,,,,,,,,,,,,,,,,,,,,,,,,,,,,
,.0.,,,,,,,,,,,,,,,,,,,,,,,,,,,,
,.0.,,,,,,,,,,,,,,,,,,,,,,,,,,,,
,.0.,,,,,,,,,,,,,,,,,,,,,,,,,,,,
,.0.,,,,,,,,,,,,,,,,,,,,,,,,,,,,
,.0.,,,,,,,,,,,,,,,,,,,,,,,,,,,,
,.0.,,,,,,,,,,,,,,,,,,,,,,,,,,,,
,.0.,,,,,,,,,,,,,,,,,,,,,,,,,,,,
,.0.,,,,,,,,,,,,,,,,,,,,,,,,,,,,
,.0.,,,,,,,,,,,,,,,,,,,,,,,,,,,,
,.0.,,,,,,,,,,,,,,,,,,,,,,,,,,,,
,.0.,,,,,,,,,,,,,,,,,,,,,,,,,,,,
,.0.,,,,,,,,,,,,,,,,,,,,,,,,,,,,
,.0.,,,,,,,,,,,,,,,,,,,,,,,,,,,,
,.0.,,,,,,,,,,,,,,,,,,,,,,,,,,,,
,.0.,,,,,,,,,,,,,,,,,,,,,,,,,,,,
,.0.,,,,,,,,,,,,,,,,,,,,,,,,,,,,
,.0.,,,,,,,,,,,,,,,,,,,,,,,,,,,,
,.0.,,,,,,,,,,,,,,,,,,,,,,,,,,,,
,.0.,,,,,,,,,,,,,,,,,,,,,,,,,,,,
,.0.,,,,,,,,,,,,,,,,,,,,,,,,,,,,
,.0.,,,,,,,,,,,,,,,,,,,,,,,,,,,,
,.0.,,,,,,,,,,,,,,,,,,,,,,,,,,,,
,.0.,,,,,,,,,,,,,,,,,,,,,,,,,,,,
,.0.,,,,,,,,,,,,,,,,,,,,,,,,,,,,
,.0.,,,,,,,,,,,,,,,,,,,,,,,,,,,,
,.0.,,,,,,,,,,,,,,,,,,,,,,,,,,,,
,.0.,,,,,,,,,,,,,,,,,,,,,,,,,,,,
,.0.,,,,,,,,,,,,,,,,,,,,,,,,,,,,
,.0.,,,,,,,,,,,,,,,,,,,,,,,,,,,,
,.0.,,,,,,,,,,,,,,,,,,,,,,,,,,,,
,.0.,,,,,,,,,,,,,,,,,,,,,,,,,,,,
,.0.,,,,,,,,,,,,,,,,,,,,,,,,,,,,
,.0.,,,,,,,,,,,,,,,,,,,,,,,,,,,,
,.0.,,,,,,,,,,,,,,,,,,,,,,,,,,,,
,.0.,,,,,,,,,,,,,,,,,,,,,,,,,,,,
,.0.,,,,,,,,,,,,,,,,,,,,,,,,,,,,
,.0.,,,,,,,,,,,,,,,,,,,,,,,,,,,,
,.0.,,,,,,,,,,,,,,,,,,,,,,,,,,,,
,.0.,,,,,,,,,,,,,,,,,,,,,,,,,,,,
,.0.,,,,,,,,,,,,,,,,,,,,,,,,,,,,
,.0.,,,,,,,,,,,,,,,,,,,,,,,,,,,,
,.0.,,,,,,,,,,,,,,,,,,,,,,,,,,,,
,.0.,,,,,,,,,,,,,,,,,,,,,,,,,,,,
,.0.,,,,,,,,,,,,,,,,,,,,,,,,,,,,
,.0.,,,,,,,,,,,,,,,,,,,,,,,,,,,,
,.0.,,,,,,,,,,,,,,,,,,,,,,,,,,,,
,.0.,,,,,,,,,,,,,,,,,,,,,,,,,,,,
,.0.,,,,,,,,,,,,,,,,,,,,,,,,,,,,
,.0.,,,,,,,,,,,,,,,,,,,,,,,,,,,,
,.0.,,,,,,,,,,,,,,,,,,,,,,,,,,,,
,.0.,,,,,,,,,,,,,,,,,,,,,,,,,,,,
,.0.,,,,,,,,,,,,,,,,,,,,,,,,,,,,
,.0.,,,,,,,,,,,,,,,,,,,,,,,,,,,,
,.0.,,,,,,,,,,,,,,,,,,,,,,,,,,,,
,.0.,,,,,,,,,,,,,,,,,,,,,,,,,,,,
,.0.,,,,,,,,,,,,,,,,,,,,,,,,,,,,
,.0.,,,,,,,,,,,,,,,,,,,,,,,,,,,,
,.0.,,,,,,,,,,,,,,,,,,,,,,,,,,,,
,.0.,,,,,,,,,,,,,,,,,,,,,,,,,,,,
,.0.,,,,,,,,,,,,,,,,,,,,,,,,,,,,
,.0.,,,,,,,,,,,,,,,,,,,,,,,,,,,,
,.0.,,,,,,,,,,,,,,,,,,,,,,,,,,,,
,.0.,,,,,,,,,,,,,,,,,,,,,,,,,,,,
,.0.,,,,,,,,,,,,,,,,,,,,,,,,,,,,
,.0.,,,,,,,,,,,,,,,,,,,,,,,,,,,,
,.0.,,,,,,,,,,,,,,,,,,,,,,,,,,,,
,.0.,,,,,,,,,,,,,,,,,,,,,,,,,,,,
,.0.,,,,,,,,,,,,,,,,,,,,,,,,,,,,
,.0.,,,,,,,,,,,,,,,,,,,,,,,,,,,,
,.0.,,,,,,,,,,,,,,,,,,,,,,,,,,,,
,.0.,,,,,,,,,,,,,,,,,,,,,,,,,,,,
,.0.,,,,,,,,,,,,,,,,,,,,,,,,,,,,
,.0.,,,,,,,,,,,,,,,,,,,,,,,,,,,,
,.0.,,,,,,,,,,,,,,,,,,,,,,,,,,,,
,.0.,,,,,,,,,,,,,,,,,,,,,,,,,,,,
,.0.,,,,,,,,,,,,,,,,,,,,,,,,,,,,
,.0.,,,,,,,,,,,,,,,,,,,,,,,,,,,,
,.0.,,,,,,,,,,,,,,,,,,,,,,,,,,,,
,.0.,,,,,,,,,,,,,,,,,,,,,,,,,,,,
,.0.,,,,,,,,,,,,,,,,,,,,,,,,,,,,
,.0.,,,,,,,,,,,,,,,,,,,,,,,,,,,,
,.0.,,,,,,,,,,,,,,,,,,,,,,,,,,,,
,.0.,,,,,,,,,,,,,,,,,,,,,,,,,,,,
,.0.,,,,,,,,,,,,,,,,,,,,,,,,,,,,
,.0.,,,,,,,,,,,,,,,,,,,,,,,,,,,,
,.0.,,,,,,,,,,,,,,,,,,,,,,,,,,,,
,.0.,,,,,,,,,,,,,,,,,,,,,,,,,,,,
,.0.,,,,,,,,,,,,,,,,,,,,,,,,,,,,
,.0.,,,,,,,,,,,,,,,,,,,,,,,,,,,,
,.0.,,,,,,,,,,,,,,,,,,,,,,,,,,,,
,.0.,,,,,,,,,,,,,,,,,,,,,,,,,,,,
,.0.,,,,,,,,,,,,,,,,,,,,,,,,,,,,
,.0.,,,,,,,,,,,,,,,,,,,,,,,,,,,,
,.0.,,,,,,,,,,,,,,,,,,,,,,,,,,,,
,.0.,,,,,,,,,,,,,,,,,,,,,,,,,,,,
,.0.,,,,,,,,,,,,,,,,,,,,,,,,,,,,
,.0.,,,,,,,,,,,,,,,,,,,,,,,,,,,,
,.0.,,,,,,,,,,,,,,,,,,,,,,,,,,,,
,.0.,,,,,,,,,,,,,,,,,,,,,,,,,,,,
,.0.,,,,,,,,,,,,,,,,,,,,,,,,,,,,
,.0.,,,,,,,,,,,,,,,,,,,,,,,,,,,,
,.0.,,,,,,,,,,,,,,,,,,,,,,,,,,,,
,.0.,,,,,,,,,,,,,,,,,,,,,,,,,,,,
,.0.,,,,,,,,,,,,,,,,,,,,,,,,,,,,
,.0.,,,,,,,,,,,,,,,,,,,,,,,,,,,,
,.0.,,,,,,,,,,,,,,,,,,,,,,,,,,,,
,.0.,,,,,,,,,,,,,,,,,,,,,,,,,,,,
,.0.,,,,,,,,,,,,,,,,,,,,,,,,,,,,
,.0.,,,,,,,,,,,,,,,,,,,,,,,,,,,,
,.0.,,,,,,,,,,,,,,,,,,,,,,,,,,,,
,.0.,,,,,,,,,,,,,,,,,,,,,,,,,,,,
,.0.,,,,,,,,,,,,,,,,,,,,,,,,,,,,
,.0.,,,,,,,,,,,,,,,,,,,,,,,,,,,,
,.0.,,,,,,,,,,,,,,,,,,,,,,,,,,,,
,.0.,,,,,,,,,,,,,,,,,,,,,,,,,,,,
,.0.,,,,,,,,,,,,,,,,,,,,,,,,,,,,
,.0.,,,,,,,,,,,,,,,,,,,,,,,,,,,,
,.0.,,,,,,,,,,,,,,,,,,,,,,,,,,,,
,.0.,,,,,,,,,,,,,,,,,,,,,,,,,,,,
,.0.,,,,,,,,,,,,,,,,,,,,,,,,,,,,
,.0.,,,,,,,,,,,,,,,,,,,,,,,,,,,,
,.0.,,,,,,,,,,,,,,,,,,,,,,,,,,,,
,.0.,,,,,,,,,,,,,,,,,,,,,,,,,,,,
,.0.,,,,,,,,,,,,,,,,,,,,,,,,,,,,
,.0.,,,,,,,,,,,,,,,,,,,,,,,,,,,,
,.0.,,,,,,,,,,,,,,,,,,,,,,,,,,,,
,.0.,,,,,,,,,,,,,,,,,,,,,,,,,,,,
,.0.,,,,,,,,,,,,,,,,,,,,,,,,,,,,
,.0.,,,,,,,,,,,,,,,,,,,,,,,,,,,,
,.0.,,,,,,,,,,,,,,,,,,,,,,,,,,,,
,.0.,,,,,,,,,,,,,,,,,,,,,,,,,,,,
,.0.,,,,,,,,,,,,,,,,,,,,,,,,,,,,
,.0.,,,,,,,,,,,,,,,,,,,,,,,,,,,,
,.0.,,,,,,,,,,,,,,,,,,,,,,,,,,,,
,.0.,,,,,,,,,,,,,,,,,,,,,,,,,,,,
,.0.,,,,,,,,,,,,,,,,,,,,,,,,,,,,
,.0.,,,,,,,,,,,,,,,,,,,,,,,,,,,,
,.0.,,,,,,,,,,,,,,,,,,,,,,,,,,,,
,.0.,,,,,,,,,,,,,,,,,,,,,,,,,,,,
,.0.,,,,,,,,,,,,,,,,,,,,,,,,,,,,
,.0.,,,,,,,,,,,,,,,,,,,,,,,,,,,,
,.0.,,,,,,,,,,,,,,,,,,,,,,,,,,,,
,.0.,,,,,,,,,,,,,,,,,,,,,,,,,,,,
,.0.,,,,,,,,,,,,,,,,,,,,,,,,,,,,
,.0.,,,,,,,,,,,,,,,,,,,,,,,,,,,,
,.0.,,,,,,,,,,,,,,,,,,,,,,,,,,,,
,.0.,,,,,,,,,,,,,,,,,,,,,,,,,,,,
,.0.,,,,,,,,,,,,,,,,,,,,,,,,,,,,
,.0.,,,,,,,,,,,,,,,,,,,,,,,,,,,,
,.0.,,,,,,,,,,,,,,,,,,,,,,,,,,,,
,.0.,,,,,,,,,,,,,,,,,,,,,,,,,,,,
,.0.,,,,,,,,,,,,,,,,,,,,,,,,,,,,
,.0.,,,,,,,,,,,,,,,,,,,,,,,,,,,,
,.0.,,,,,,,,,,,,,,,,,,,,,,,,,,,,
,.0.,,,,,,,,,,,,,,,,,,,,,,,,,,,,
,.0.,,,,,,,,,,,,,,,,,,,,,,,,,,,,
,.0.,,,,,,,,,,,,,,,,,,,,,,,,,,,,
,.0.,,,,,,,,,,,,,,,,,,,,,,,,,,,,
,.0.,,,,,,,,,,,,,,,,,,,,,,,,,,,,
,.0.,,,,,,,,,,,,,,,,,,,,,,,,,,,,
,.0.,,,,,,,,,,,,,,,,,,,,,,,,,,,,
,.0.,,,,,,,,,,,,,,,,,,,,,,,,,,,,
,.0.,,,,,,,,,,,,,,,,,,,,,,,,,,,,
,.0.,,,,,,,,,,,,,,,,,,,,,,,,,,,,
,.0.,,,,,,,,,,,,,,,,,,,,,,,,,,,,
,.0.,,,,,,,,,,,,,,,,,,,,,,,,,,,,
,.0.,,,,,,,,,,,,,,,,,,,,,,,,,,,,
,.0.,,,,,,,,,,,,,,,,,,,,,,,,,,,,
,.0.,,,,,,,,,,,,,,,,,,,,,,,,,,,,
,.0.,,,,,,,,,,,,,,,,,,,,,,,,,,,,
,.0.,,,,,,,,,,,,,,,,,,,,,,,,,,,,
,.0.,,,,,,,,,,,,,,,,,,,,,,,,,,,,
,.0.,,,,,,,,,,,,,,,,,,,,,,,,,,,,
,.0.,,,,,,,,,,,,,,,,,,,,,,,,,,,,
,.0.,,,,,,,,,,,,,,,,,,,,,,,,,,,,
,.0.,,,,,,,,,,,,,,,,,,,,,,,,,,,,
,.0.,,,,,,,,,,,,,,,,,,,,,,,,,,,,
,.0.,,,,,,,,,,,,,,,,,,,,,,,,,,,,
,.0.,,,,,,,,,,,,,,,,,,,,,,,,,,,,
,.0.,,,,,,,,,,,,,,,,,,,,,,,,,,,,
,.0.,,,,,,,,,,,,,,,,,,,,,,,,,,,,
,.0.,,,,,,,,,,,,,,,,,,,,,,,,,,,,
,.0.,,,,,,,,,,,,,,,,,,,,,,,,,,,,
,.0.,,,,,,,,,,,,,,,,,,,,,,,,,,,,
,.0.,,,,,,,,,,,,,,,,,,,,,,,,,,,,
,.0.,,,,,,,,,,,,,,,,,,,,,,,,,,,,
,.0.,,,,,,,,,,,,,,,,,,,,,,,,,,,,
,.0.,,,,,,,,,,,,,,,,,,,,,,,,,,,,
,.0.,,,,,,,,,,,,,,,,,,,,,,,,,,,,
,.0.,,,,,,,,,,,,,,,,,,,,,,,,,,,,
,.0.,,,,,,,,,,,,,,,,,,,,,,,,,,,,
,.0.,,,,,,,,,,,,,,,,,,,,,,,,,,,,
,.0.,,,,,,,,,,,,,,,,,,,,,,,,,,,,
,.0.,,,,,,,,,,,,,,,,,,,,,,,,,,,,
,.0.,,,,,,,,,,,,,,,,,,,,,,,,,,,,
,.0.,,,,,,,,,,,,,,,,,,,,,,,,,,,,
,.0.,,,,,,,,,,,,,,,,,,,,,,,,,,,,
,.0.,,,,,,,,,,,,,,,,,,,,,,,,,,,,
,.0.,,,,,,,,,,,,,,,,,,,,,,,,,,,,
,.0.,,,,,,,,,,,,,,,,,,,,,,,,,,,,
,.0.,,,,,,,,,,,,,,,,,,,,,,,,,,,,
,.0.,,,,,,,,,,,,,,,,,,,,,,,,,,,,
,.0.,,,,,,,,,,,,,,,,,,,,,,,,,,,,
,.0.,,,,,,,,,,,,,,,,,,,,,,,,,,,,
,.0.,,,,,,,,,,,,,,,,,,,,,,,,,,,,
,.0.,,,,,,,,,,,,,,,,,,,,,,,,,,,,
,.0.,,,,,,,,,,,,,,,,,,,,,,,,,,,,
,.0.,,,,,,,,,,,,,,,,,,,,,,,,,,,,
,.0.,,,,,,,,,,,,,,,,,,,,,,,,,,,,
,.0.,,,,,,,,,,,,,,,,,,,,,,,,,,,,
,.0.,,,,,,,,,,,,,,,,,,,,,,,,,,,,
,.0.,,,,,,,,,,,,,,,,,,,,,,,,,,,,
,.0.,,,,,,,,,,,,,,,,,,,,,,,,,,,,
,.0.,,,,,,,,,,,,,,,,,,,,,,,,,,,,
,.0.,,,,,,,,,,,,,,,,,,,,,,,,,,,,
,.0.,,,,,,,,,,,,,,,,,,,,,,,,,,,,
,.0.,,,,,,,,,,,,,,,,,,,,,,,,,,,,
,.0.,,,,,,,,,,,,,,,,,,,,,,,,,,,,
,.0.,,,,,,,,,,,,,,,,,,,,,,,,,,,,
,.0.,,,,,,,,,,,,,,,,,,,,,,,,,,,,
,.0.,,,,,,,,,,,,,,,,,,,,,,,,,,,,
,.0.,,,,,,,,,,,,,,,,,,,,,,,,,,,,
,.0.,,,,,,,,,,,,,,,,,,,,,,,,,,,,
,.0.,,,,,,,,,,,,,,,,,,,,,,,,,,,,
,.0.,,,,,,,,,,,,,,,,,,,,,,,,,,,,
,.0.,,,,,,,,,,,,,,,,,,,,,,,,,,,,
,.0.,,,,,,,,,,,,,,,,,,,,,,,,,,,,
,.0.,,,,,,,,,,,,,,,,,,,,,,,,,,,,
,.0.,,,,,,,,,,,,,,,,,,,,,,,,,,,,
,.0.,,,,,,,,,,,,,,,,,,,,,,,,,,,,
,.0.,,,,,,,,,,,,,,,,,,,,,,,,,,,,
,.0.,,,,,,,,,,,,,,,,,,,,,,,,,,,,
,.0.,,,,,,,,,,,,,,,,,,,,,,,,,,,,
,.0.,,,,,,,,,,,,,,,,,,,,,,,,,,,,
,.0.,,,,,,,,,,,,,,,,,,,,,,,,,,,,
,.0.,,,,,,,,,,,,,,,,,,,,,,,,,,,,
,.0.,,,,,,,,,,,,,,,,,,,,,,,,,,,,
,.0.,,,,,,,,,,,,,,,,,,,,,,,,,,,,
,.0.,,,,,,,,,,,,,,,,,,,,,,,,,,,,
,.0.,,,,,,,,,,,,,,,,,,,,,,,,,,,,
,.0.,,,,,,,,,,,,,,,,,,,,,,,,,,,,
,.0.,,,,,,,,,,,,,,,,,,,,,,,,,,,,
,.0.,,,,,,,,,,,,,,,,,,,,,,,,,,,,
,.0.,,,,,,,,,,,,,,,,,,,,,,,,,,,,
,.0.,,,,,,,,,,,,,,,,,,,,,,,,,,,,
,.0.,,,,,,,,,,,,,,,,,,,,,,,,,,,,
,.0.,,,,,,,,,,,,,,,,,,,,,,,,,,,,
,.0.,,,,,,,,,,,,,,,,,,,,,,,,,,,,
,.0.,,,,,,,,,,,,,,,,,,,,,,,,,,,,
,.0.,,,,,,,,,,,,,,,,,,,,,,,,,,,,
,.0.,,,,,,,,,,,,,,,,,,,,,,,,,,,,
,.0.,,,,,,,,,,,,,,,,,,,,,,,,,,,,
,.0.,,,,,,,,,,,,,,,,,,,,,,,,,,,,
,.0.,,,,,,,,,,,,,,,,,,,,,,,,,,,,
,.0.,,,,,,,,,,,,,,,,,,,,,,,,,,,,
,.0.,,,,,,,,,,,,,,,,,,,,,,,,,,,,
,.0.,,,,,,,,,,,,,,,,,,,,,,,,,,,,
,.0.,,,,,,,,,,,,,,,,,,,,,,,,,,,,
,.0.,,,,,,,,,,,,,,,,,,,,,,,,,,,,
,.0.,,,,,,,,,,,,,,,,,,,,,,,,,,,,
,.0.,,,,,,,,,,,,,,,,,,,,,,,,,,,,
,.0.,,,,,,,,,,,,,,,,,,,,,,,,,,,,
,.0.,,,,,,,,,,,,,,,,,,,,,,,,,,,,
,.0.,,,,,,,,,,,,,,,,,,,,,,,,,,,,
,.0.,,,,,,,,,,,,,,,,,,,,,,,,,,,,
,.0.,,,,,,,,,,,,,,,,,,,,,,,,,,,,
,.0.,,,,,,,,,,,,,,,,,,,,,,,,,,,,
,.0.,,,,,,,,,,,,,,,,,,,,,,,,,,,,
,.0.,,,,,,,,,,,,,,,,,,,,,,,,,,,,
,.0.,,,,,,,,,,,,,,,,,,,,,,,,,,,,
,.0.,,,,,,,,,,,,,,,,,,,,,,,,,,,,
,.0.,,,,,,,,,,,,,,,,,,,,,,,,,,,,
,.0.,,,,,,,,,,,,,,,,,,,,,,,,,,,,
,.0.,,,,,,,,,,,,,,,,,,,,,,,,,,,,
,.0.,,,,,,,,,,,,,,,,,,,,,,,,,,,,
,.0.,,,,,,,,,,,,,,,,,,,,,,,,,,,,
,.0.,,,,,,,,,,,,,,,,,,,,,,,,,,,,
,.0.,,,,,,,,,,,,,,,,,,,,,,,,,,,,
,.0.,,,,,,,,,,,,,,,,,,,,,,,,,,,,
,.0.,,,,,,,,,,,,,,,,,,,,,,,,,,,,
,.0.,,,,,,,,,,,,,,,,,,,,,,,,,,,,
,.0.,,,,,,,,,,,,,,,,,,,,,,,,,,,,
,.0.,,,,,,,,,,,,,,,,,,,,,,,,,,,,
,.0.,,,,,,,,,,,,,,,,,,,,,,,,,,,,
,.0.,,,,,,,,,,,,,,,,,,,,,,,,,,,,
,.0.,,,,,,,,,,,,,,,,,,,,,,,,,,,,
,.0.,,,,,,,,,,,,,,,,,,,,,,,,,,,,
,.0.,,,,,,,,,,,,,,,,,,,,,,,,,,,,
,.0.,,,,,,,,,,,,,,,,,,,,,,,,,,,,
,.0.,,,,,,,,,,,,,,,,,,,,,,,,,,,,
,.0.,,,,,,,,,,,,,,,,,,,,,,,,,,,,
,.0.,,,,,,,,,,,,,,,,,,,,,,,,,,,,
,.0.,,,,,,,,,,,,,,,,,,,,,,,,,,,,
,.0.,,,,,,,,,,,,,,,,,,,,,,,,,,,,
,.0.,,,,,,,,,,,,,,,,,,,,,,,,,,,,
,.0.,,,,,,,,,,,,,,,,,,,,,,,,,,,,
,.0.,,,,,,,,,,,,,,,,,,,,,,,,,,,,
,.0.,,,,,,,,,,,,,,,,,,,,,,,,,,,,
,.0.,,,,,,,,,,,,,,,,,,,,,,,,,,,,
,.0.,,,,,,,,,,,,,,,,,,,,,,,,,,,,
,.0.,,,,,,,,,,,,,,,,,,,,,,,,,,,,
,.0.,,,,,,,,,,,,,,,,,,,,,,,,,,,,
,.0.,,,,,,,,,,,,,,,,,,,,,,,,,,,,
,.0.,,,,,,,,,,,,,,,,,,,,,,,,,,,,
,.0.,,,,,,,,,,,,,,,,,,,,,,,,,,,,
,.0.,,,,,,,,,,,,,,,,,,,,,,,,,,,,
,.0.,,,,,,,,,,,,,,,,,,,,,,,,,,,,
,.0.,,,,,,,,,,,,,,,,,,,,,,,,,,,,
,.0.,,,,,,,,,,,,,,,,,,,,,,,,,,,,
,.0.,,,,,,,,,,,,,,,,,,,,,,,,,,,,
,.0.,,,,,,,,,,,,,,,,,,,,,,,,,,,,
,.0.,,,,,,,,,,,,,,,,,,,,,,,,,,,,
,.0.,,,,,,,,,,,,,,,,,,,,,,,,,,,,
,.0.,,,,,,,,,,,,,,,,,,,,,,,,,,,,
,.0.,,,,,,,,,,,,,,,,,,,,,,,,,,,,
,.0.,,,,,,,,,,,,,,,,,,,,,,,,,,,,
,.0.,,,,,,,,,,,,,,,,,,,,,,,,,,,,
,.0.,,,,,,,,,,,,,,,,,,,,,,,,,,,,
,.0.,,,,,,,,,,,,,,,,,,,,,,,,,,,,
,.0.,,,,,,,,,,,,,,,,,,,,,,,,,,,,
,.0.,,,,,,,,,,,,,,,,,,,,,,,,,,,,
,.0.,,,,,,,,,,,,,,,,,,,,,,,,,,,,
,.0.,,,,,,,,,,,,,,,,,,,,,,,,,,,,
,.0.,,,,,,,,,,,,,,,,,,,,,,,,,,,,
,.0.,,,,,,,,,,,,,,,,,,,,,,,,,,,,
,.0.,,,,,,,,,,,,,,,,,,,,,,,,,,,,
,.0.,,,,,,,,,,,,,,,,,,,,,,,,,,,,
,.0.,,,,,,,,,,,,,,,,,,,,,,,,,,,,
,.0.,,,,,,,,,,,,,,,,,,,,,,,,,,,,
,.0.,,,,,,,,,,,,,,,,,,,,,,,,,,,,
,.0.,,,,,,,,,,,,,,,,,,,,,,,,,,,,
,.0.,,,,,,,,,,,,,,,,,,,,,,,,,,,,
,.0.,,,,,,,,,,,,,,,,,,,,,,,,,,,,
,.0.,,,,,,,,,,,,,,,,,,,,,,,,,,,,
,.0.,,,,,,,,,,,,,,,,,,,,,,,,,,,,
,.0.,,,,,,,,,,,,,,,,,,,,,,,,,,,,
,.0.,,,,,,,,,,,,,,,,,,,,,,,,,,,,
,.0.,,,,,,,,,,,,,,,,,,,,,,,,,,,,
,.0.,,,,,,,,,,,,,,,,,,,,,,,,,,,,
,.0.,,,,,,,,,,,,,,,,,,,,,,,,,,,,
,.0.,,,,,,,,,,,,,,,,,,,,,,,,,,,,
,.0.,,,,,,,,,,,,,,,,,,,,,,,,,,,,
,.0.,,,,,,,,,,,,,,,,,,,,,,,,,,,,
,.0.,,,,,,,,,,,,,,,,,,,,,,,,,,,,
,.0.,,,,,,,,,,,,,,,,,,,,,,,,,,,,
,.0.,,,,,,,,,,,,,,,,,,,,,,,,,,,,
,.0.,,,,,,,,,,,,,,,,,,,,,,,,,,,,
,.0.,,,,,,,,,,,,,,,,,,,,,,,,,,,,
,.0.,,,,,,,,,,,,,,,,,,,,,,,,,,,,
,.0.,,,,,,,,,,,,,,,,,,,,,,,,,,,,
,.0.,,,,,,,,,,,,,,,,,,,,,,,,,,,,
,.0.,,,,,,,,,,,,,,,,,,,,,,,,,,,,
,.0.,,,,,,,,,,,,,,,,,,,,,,,,,,,,
,.0.,,,,,,,,,,,,,,,,,,,,,,,,,,,,
,.0.,,,,,,,,,,,,,,,,,,,,,,,,,,,,
,.0.,,,,,,,,,,,,,,,,,,,,,,,,,,,,